match_id,date,event,scope,team_id,team_name,player_id,player_name,kills,deaths,kd_ratio,kd_diff,rating,adr,kast,impact_swing
2390814,2026-03-18,BLAST Open Rotterdam 2026,All,4863,TYLOO,19645,jamyoung,25,33,0.76,-8,0.97,68.1,68.9,-0.39
2390814,2026-03-18,BLAST Open Rotterdam 2026,All,4863,TYLOO,20702,jee,18,31,0.58,-13,0.77,47.6,68.9,-2.04
2390814,2026-03-18,BLAST Open Rotterdam 2026,All,4863,TYLOO,20895,mercury,24,31,0.77,-7,0.75,59.4,71.1,-4.19
2390814,2026-03-18,BLAST Open Rotterdam 2026,All,4863,TYLOO,21621,moseyuh,35,33,1.06,2,1.21,75.1,77.8,0.64
2390814,2026-03-18,BLAST Open Rotterdam 2026,All,4863,TYLOO,24857,zero,31,33,0.94,-2,1.04,74.0,57.8,0.09
2390814,2026-03-18,BLAST Open Rotterdam 2026,All,8297,FURIA,2023,fallen,34,28,1.21,6,1.29,79.3,86.7,3.52
2390814,2026-03-18,BLAST Open Rotterdam 2026,All,8297,FURIA,12553,yuurih,32,27,1.19,5,1.06,85.0,71.1,-1.63
2390814,2026-03-18,BLAST Open Rotterdam 2026,All,8297,FURIA,13915,yekindar,34,29,1.17,5,1.05,82.8,73.3,-1.54
2390814,2026-03-18,BLAST Open Rotterdam 2026,All,8297,FURIA,15631,kscerato,36,23,1.57,13,1.36,79.1,84.4,3.86
2390814,2026-03-18,BLAST Open Rotterdam 2026,All,8297,FURIA,24144,molodoy,24,26,0.92,-2,1.03,62.5,68.9,1.69
2391130,2026-03-09,ESL Pro League Season 23 Stage 2,All,4773,paiN,16816,vsm,15,29,0.52,-14,0.6,47.2,50.0,-4.49
2391130,2026-03-09,ESL Pro League Season 23 Stage 2,All,4773,paiN,18141,biguzera,20,28,0.71,-8,0.78,56.3,60.0,-1.4
2391130,2026-03-09,ESL Pro League Season 23 Stage 2,All,4773,paiN,18714,piriajr,18,33,0.55,-15,0.71,67.8,55.0,-4.25
2391130,2026-03-09,ESL Pro League Season 23 Stage 2,All,4773,paiN,19694,nqz,26,26,1.0,0,1.03,68.8,57.5,0.76
2391130,2026-03-09,ESL Pro League Season 23 Stage 2,All,4773,paiN,20171,snow,19,28,0.68,-9,0.82,59.2,62.5,-1.89
2391130,2026-03-09,ESL Pro League Season 23 Stage 2,All,8297,FURIA,2023,fallen,15,24,0.62,-9,0.74,39.2,70.0,-5.2
2391130,2026-03-09,ESL Pro League Season 23 Stage 2,All,8297,FURIA,12553,yuurih,31,16,1.94,15,1.33,62.7,82.5,3.09
2391130,2026-03-09,ESL Pro League Season 23 Stage 2,All,8297,FURIA,13915,yekindar,26,25,1.04,1,1.32,85.3,77.5,2.88
2391130,2026-03-09,ESL Pro League Season 23 Stage 2,All,8297,FURIA,15631,kscerato,32,16,2.0,16,1.46,91.0,77.5,4.75
2391130,2026-03-09,ESL Pro League Season 23 Stage 2,All,8297,FURIA,24144,molodoy,39,17,2.29,22,1.61,102.1,80.0,5.75
2391133,2026-03-10,ESL Pro League Season 23 Stage 2,All,6665,Astralis,10096,hooxi,35,35,1.0,0,1.16,71.4,75.0,3.36
2391133,2026-03-10,ESL Pro League Season 23 Stage 2,All,6665,Astralis,16726,phzy,34,33,1.03,1,0.95,71.7,69.6,-0.13
2391133,2026-03-10,ESL Pro League Season 23 Stage 2,All,6665,Astralis,17956,jabbi,38,33,1.15,5,1.21,73.0,78.6,1.62
2391133,2026-03-10,ESL Pro League Season 23 Stage 2,All,6665,Astralis,20304,staehr,45,32,1.41,13,1.38,83.2,75.0,3.6
2391133,2026-03-10,ESL Pro League Season 23 Stage 2,All,6665,Astralis,21217,ryu,39,33,1.18,6,1.09,76.6,82.1,0.38
2391133,2026-03-10,ESL Pro League Season 23 Stage 2,All,8297,FURIA,2023,fallen,29,42,0.69,-13,0.76,50.2,64.3,-3.7
2391133,2026-03-10,ESL Pro League Season 23 Stage 2,All,8297,FURIA,12553,yuurih,23,37,0.62,-14,0.73,57.2,64.3,-2.34
2391133,2026-03-10,ESL Pro League Season 23 Stage 2,All,8297,FURIA,13915,yekindar,37,41,0.9,-4,0.99,79.0,64.3,-0.99
2391133,2026-03-10,ESL Pro League Season 23 Stage 2,All,8297,FURIA,15631,kscerato,37,40,0.93,-3,0.98,65.5,66.1,-1.52
2391133,2026-03-10,ESL Pro League Season 23 Stage 2,All,8297,FURIA,24144,molodoy,36,36,1.0,0,1.0,78.7,69.6,-0.29
2391758,2026-03-20,BLAST Open Rotterdam 2026,All,8297,FURIA,2023,fallen,24,36,0.67,-12,0.77,63.2,65.3,-5.17
2391758,2026-03-20,BLAST Open Rotterdam 2026,All,8297,FURIA,12553,yuurih,20,33,0.61,-13,0.79,46.4,67.3,-1.7
2391758,2026-03-20,BLAST Open Rotterdam 2026,All,8297,FURIA,13915,yekindar,35,39,0.9,-4,0.96,75.0,71.4,-2.54
2391758,2026-03-20,BLAST Open Rotterdam 2026,All,8297,FURIA,15631,kscerato,37,33,1.12,4,1.14,84.0,57.1,0.14
2391758,2026-03-20,BLAST Open Rotterdam 2026,All,8297,FURIA,24144,molodoy,30,32,0.94,-2,0.95,60.2,67.3,1.3
2391758,2026-03-20,BLAST Open Rotterdam 2026,All,11861,Aurora,150,maj3r,34,28,1.21,6,1.23,77.3,77.6,2.61
2391758,2026-03-20,BLAST Open Rotterdam 2026,All,11861,Aurora,7938,xantares,41,29,1.41,12,1.36,91.8,69.4,3.69
2391758,2026-03-20,BLAST Open Rotterdam 2026,All,11861,Aurora,8574,woxic,30,30,1.0,0,0.97,68.7,71.4,-0.55
2391758,2026-03-20,BLAST Open Rotterdam 2026,All,11861,Aurora,20968,soulfly,22,29,0.76,-7,0.86,47.3,71.4,-2.59
2391758,2026-03-20,BLAST Open Rotterdam 2026,All,11861,Aurora,21243,wicadia,42,30,1.4,12,1.43,88.9,77.6,4.83
2391763,2026-03-22,BLAST Open Rotterdam 2026,All,6673,NRG,7687,nitr0,21,41,0.51,-20,0.65,44.6,55.2,-3.63
2391763,2026-03-22,BLAST Open Rotterdam 2026,All,6673,NRG,8711,sonic,34,43,0.79,-9,0.8,70.3,62.1,-3.26
2391763,2026-03-22,BLAST Open Rotterdam 2026,All,6673,NRG,13249,osee,29,37,0.78,-8,0.75,47.4,58.6,-1.63
2391763,2026-03-22,BLAST Open Rotterdam 2026,All,6673,NRG,13578,grim,34,47,0.72,-13,0.88,62.4,65.5,-1.92
2391763,2026-03-22,BLAST Open Rotterdam 2026,All,6673,NRG,16717,br0,41,43,0.95,-2,1.04,83.1,70.7,-0.56
2391763,2026-03-22,BLAST Open Rotterdam 2026,All,8297,FURIA,2023,fallen,34,34,1.0,0,0.99,58.3,69.0,0.49
2391763,2026-03-22,BLAST Open Rotterdam 2026,All,8297,FURIA,12553,yuurih,29,35,0.83,-6,0.85,56.2,74.1,-2.56
2391763,2026-03-22,BLAST Open Rotterdam 2026,All,8297,FURIA,13915,yekindar,39,35,1.11,4,1.11,71.3,72.4,1.86
2391763,2026-03-22,BLAST Open Rotterdam 2026,All,8297,FURIA,15631,kscerato,44,30,1.47,14,1.47,86.3,81.0,6.11
2391763,2026-03-22,BLAST Open Rotterdam 2026,All,8297,FURIA,24144,molodoy,61,29,2.1,32,1.59,102.3,79.3,5.1
2393044,2026-04-10,PGL Bucharest 2026,All,6248,The MongolZ,20194,blitz,35,36,0.97,-1,1.0,77.5,62.3,0.03
2393044,2026-04-10,PGL Bucharest 2026,All,6248,The MongolZ,20275,techno,26,40,0.65,-14,0.74,49.5,54.7,-2.87
2393044,2026-04-10,PGL Bucharest 2026,All,6248,The MongolZ,21001,mzinho,30,39,0.77,-9,0.8,58.4,62.3,-3.64
2393044,2026-04-10,PGL Bucharest 2026,All,6248,The MongolZ,21809,910,42,39,1.08,3,1.2,81.2,69.8,2.1
2393044,2026-04-10,PGL Bucharest 2026,All,6248,The MongolZ,23402,cobrazera,37,40,0.93,-3,1.07,84.4,58.5,-0.14
2393044,2026-04-10,PGL Bucharest 2026,All,13286,FUT,20584,dem0n,45,34,1.32,11,1.26,83.6,75.5,1.01
2393044,2026-04-10,PGL Bucharest 2026,All,13286,FUT,20761,launx,43,36,1.19,7,1.34,84.9,77.4,4.01
2393044,2026-04-10,PGL Bucharest 2026,All,13286,FUT,22203,krabeni,38,37,1.03,1,0.97,74.0,69.8,-2.36
2393044,2026-04-10,PGL Bucharest 2026,All,13286,FUT,22674,cmtry,30,31,0.97,-1,0.94,68.8,66.0,-1.31
2393044,2026-04-10,PGL Bucharest 2026,All,13286,FUT,23553,dziugss,37,35,1.06,2,1.24,79.9,75.5,3.15
2393046,2026-04-11,PGL Bucharest 2026,All,6665,Astralis,10096,hooxi,39,68,0.57,-29,0.72,56.9,65.9,-6.44
2393046,2026-04-11,PGL Bucharest 2026,All,6665,Astralis,16726,phzy,48,59,0.81,-11,0.8,60.9,63.4,-2.76
2393046,2026-04-11,PGL Bucharest 2026,All,6665,Astralis,17956,jabbi,52,64,0.81,-12,1.04,71.5,67.1,1.04
2393046,2026-04-11,PGL Bucharest 2026,All,6665,Astralis,20304,staehr,58,61,0.95,-3,0.98,75.5,63.4,-2.24
2393046,2026-04-11,PGL Bucharest 2026,All,6665,Astralis,21217,ryu,47,63,0.75,-16,0.99,64.9,62.2,0.66
2393046,2026-04-11,PGL Bucharest 2026,All,13286,FUT,20584,dem0n,70,47,1.49,23,1.4,86.1,79.3,4.13
2393046,2026-04-11,PGL Bucharest 2026,All,13286,FUT,20761,launx,59,50,1.18,9,1.07,77.3,74.4,-0.93
2393046,2026-04-11,PGL Bucharest 2026,All,13286,FUT,22203,krabeni,53,55,0.96,-2,0.96,73.5,67.1,-0.79
2393046,2026-04-11,PGL Bucharest 2026,All,13286,FUT,22674,cmtry,68,45,1.51,23,1.37,79.4,78.0,4.38
2393046,2026-04-11,PGL Bucharest 2026,All,13286,FUT,23553,dziugss,64,48,1.33,16,1.28,85.8,78.0,2.79
2393085,2026-04-13,IEM Rio 2026,All,8297,FURIA,2023,fallen,23,20,1.15,3,0.98,54.0,80.6,-0.14
2393085,2026-04-13,IEM Rio 2026,All,8297,FURIA,12553,yuurih,31,14,2.21,17,1.61,98.4,91.7,5.63
2393085,2026-04-13,IEM Rio 2026,All,8297,FURIA,13915,yekindar,32,17,1.88,15,1.76,107.3,91.7,7.98
2393085,2026-04-13,IEM Rio 2026,All,8297,FURIA,15631,kscerato,25,13,1.92,12,1.33,63.5,88.9,3.39
2393085,2026-04-13,IEM Rio 2026,All,8297,FURIA,24144,molodoy,28,22,1.27,6,1.04,80.6,75.0,-0.97
2393085,2026-04-13,IEM Rio 2026,All,12426,Passion UA,11630,jt,15,28,0.54,-13,0.72,61.3,58.3,-2.59
2393085,2026-04-13,IEM Rio 2026,All,12426,Passion UA,17372,fang,14,29,0.48,-15,0.59,51.5,58.3,-5.99
2393085,2026-04-13,IEM Rio 2026,All,12426,Passion UA,19869,try,25,24,1.04,1,0.99,60.8,69.4,0.1
2393085,2026-04-13,IEM Rio 2026,All,12426,Passion UA,21452,kvem,17,31,0.55,-14,0.7,60.2,47.2,-4.36
2393085,2026-04-13,IEM Rio 2026,All,12426,Passion UA,21620,nicx,15,29,0.52,-14,0.75,49.6,50.0,-3.09
2393228,2026-04-14,IEM Rio 2026,All,4608,Natus Vincere,9816,aleksib,28,41,0.68,-13,0.87,58.6,67.7,-1.98
2393228,2026-04-14,IEM Rio 2026,All,4608,Natus Vincere,14759,im,45,42,1.07,3,1.07,77.8,72.6,-0.84
2393228,2026-04-14,IEM Rio 2026,All,4608,Natus Vincere,18987,b1t,32,42,0.76,-10,0.91,68.5,72.6,-2.28
2393228,2026-04-14,IEM Rio 2026,All,4608,Natus Vincere,20127,w0nderful,49,37,1.32,12,1.19,71.5,71.0,2.47
2393228,2026-04-14,IEM Rio 2026,All,4608,Natus Vincere,22673,makazze,47,43,1.09,4,1.19,78.5,72.6,1.81
2393228,2026-04-14,IEM Rio 2026,All,8297,FURIA,2023,fallen,40,43,0.93,-3,1.06,75.9,71.0,0.93
2393228,2026-04-14,IEM Rio 2026,All,8297,FURIA,12553,yuurih,41,35,1.17,6,1.26,77.6,79.0,4.13
2393228,2026-04-14,IEM Rio 2026,All,8297,FURIA,13915,yekindar,40,46,0.87,-6,0.98,72.4,74.2,-1.72
2393228,2026-04-14,IEM Rio 2026,All,8297,FURIA,15631,kscerato,42,42,1.0,0,1.0,69.5,62.9,-1.13
2393228,2026-04-14,IEM Rio 2026,All,8297,FURIA,24144,molodoy,40,37,1.08,3,0.94,60.5,67.7,-1.38
2393322,2026-04-30,BLAST Rivals 2026 Season 1,All,8297,FURIA,2023,fallen,35,40,0.88,-5,0.91,64.1,67.8,-3.3
2393322,2026-04-30,BLAST Rivals 2026 Season 1,All,8297,FURIA,12553,yuurih,21,29,0.72,-8,0.82,47.4,76.3,-0.69
2393322,2026-04-30,BLAST Rivals 2026 Season 1,All,8297,FURIA,13915,yekindar,39,40,0.97,-1,1.02,77.8,69.5,-1.44
2393322,2026-04-30,BLAST Rivals 2026 Season 1,All,8297,FURIA,15631,kscerato,46,43,1.07,3,1.22,85.5,72.9,2.4
2393322,2026-04-30,BLAST Rivals 2026 Season 1,All,8297,FURIA,24144,molodoy,42,37,1.14,5,0.94,69.9,69.5,-1.79
2393322,2026-04-30,BLAST Rivals 2026 Season 1,All,9928,GamerLegion,2553,snax,32,42,0.76,-10,0.9,64.7,54.2,-1.38
2393322,2026-04-30,BLAST Rivals 2026 Season 1,All,9928,GamerLegion,9278,rez,40,40,1.0,0,1.06,67.0,81.4,0.36
2393322,2026-04-30,BLAST Rivals 2026 Season 1,All,9928,GamerLegion,20301,tauson,40,36,1.11,4,1.08,70.3,71.2,1.07
2393322,2026-04-30,BLAST Rivals 2026 Season 1,All,9928,GamerLegion,22279,pr,43,36,1.19,7,1.31,84.6,81.4,2.11
2393322,2026-04-30,BLAST Rivals 2026 Season 1,All,9928,GamerLegion,23766,hypex,34,30,1.13,4,1.1,61.9,72.9,2.65
2393333,2026-04-30,BLAST Rivals 2026 Season 1,All,6665,Astralis,10096,hooxi,38,24,1.58,14,1.36,88.6,75.6,2.33
2393333,2026-04-30,BLAST Rivals 2026 Season 1,All,6665,Astralis,16726,phzy,31,25,1.24,6,1.24,74.3,80.5,3.01
2393333,2026-04-30,BLAST Rivals 2026 Season 1,All,6665,Astralis,17956,jabbi,33,26,1.27,7,1.32,86.5,78.0,3.91
2393333,2026-04-30,BLAST Rivals 2026 Season 1,All,6665,Astralis,20304,staehr,25,26,0.96,-1,1.01,72.7,65.9,0.52
2393333,2026-04-30,BLAST Rivals 2026 Season 1,All,6665,Astralis,21217,ryu,25,22,1.14,3,1.03,68.4,75.6,-0.64
2393333,2026-04-30,BLAST Rivals 2026 Season 1,All,13286,FUT,14202,coolio,23,30,0.77,-7,0.8,59.1,63.4,-2.36
2393333,2026-04-30,BLAST Rivals 2026 Season 1,All,13286,FUT,20584,dem0n,20,29,0.69,-9,0.81,55.5,65.9,-3.02
2393333,2026-04-30,BLAST Rivals 2026 Season 1,All,13286,FUT,22203,krabeni,33,32,1.03,1,1.14,88.3,68.3,0.89
2393333,2026-04-30,BLAST Rivals 2026 Season 1,All,13286,FUT,22674,cmtry,23,33,0.7,-10,0.76,55.5,61.0,-3.41
2393333,2026-04-30,BLAST Rivals 2026 Season 1,All,13286,FUT,23553,dziugss,23,28,0.82,-5,0.96,65.1,65.9,-1.23
2393335,2026-04-30,BLAST Rivals 2026 Season 1,All,6667,FaZe,9960,frozen,37,32,1.16,5,1.34,76.3,81.1,5.4
2393335,2026-04-30,BLAST Rivals 2026 Season 1,All,6667,FaZe,10394,twistzz,31,38,0.82,-7,0.95,68.8,64.2,-0.88
2393335,2026-04-30,BLAST Rivals 2026 Season 1,All,6667,FaZe,18053,broky,37,29,1.28,8,1.21,66.3,71.7,4.51
2393335,2026-04-30,BLAST Rivals 2026 Season 1,All,6667,FaZe,21972,neityu,37,31,1.19,6,1.23,73.2,75.5,1.52
2393335,2026-04-30,BLAST Rivals 2026 Season 1,All,6667,FaZe,22383,jcobbb,31,30,1.03,1,1.02,59.8,73.6,0.17
2393335,2026-04-30,BLAST Rivals 2026 Season 1,All,8297,FURIA,2023,fallen,21,34,0.62,-13,0.69,48.5,67.9,-3.51
2393335,2026-04-30,BLAST Rivals 2026 Season 1,All,8297,FURIA,12553,yuurih,22,35,0.63,-13,0.75,64.3,71.7,-3.56
2393335,2026-04-30,BLAST Rivals 2026 Season 1,All,8297,FURIA,13915,yekindar,42,36,1.17,6,1.11,83.3,71.7,-0.58
2393335,2026-04-30,BLAST Rivals 2026 Season 1,All,8297,FURIA,15631,kscerato,31,36,0.86,-5,0.78,58.8,67.9,-4.58
2393335,2026-04-30,BLAST Rivals 2026 Season 1,All,8297,FURIA,24144,molodoy,42,33,1.27,9,1.18,79.0,75.5,1.51
2393349,2026-05-02,BLAST Rivals 2026 Season 1,All,9565,Vitality,7322,apex,30,29,1.03,1,1.06,78.5,81.8,-0.86
2393349,2026-05-02,BLAST Rivals 2026 Season 1,All,9565,Vitality,11816,ropz,34,24,1.42,10,1.25,85.6,75.0,2.56
2393349,2026-05-02,BLAST Rivals 2026 Season 1,All,9565,Vitality,11893,zywoo,42,21,2.0,21,1.38,86.4,77.3,2.95
2393349,2026-05-02,BLAST Rivals 2026 Season 1,All,9565,Vitality,16693,flamez,33,28,1.18,5,1.42,86.8,84.1,4.4
2393349,2026-05-02,BLAST Rivals 2026 Season 1,All,9565,Vitality,18462,mezii,32,25,1.28,7,1.21,75.0,79.5,3.05
2393349,2026-05-02,BLAST Rivals 2026 Season 1,All,9928,GamerLegion,2553,snax,32,34,0.94,-2,0.93,78.2,65.9,-2.11
2393349,2026-05-02,BLAST Rivals 2026 Season 1,All,9928,GamerLegion,9278,rez,24,36,0.67,-12,0.77,70.2,54.5,-3.8
2393349,2026-05-02,BLAST Rivals 2026 Season 1,All,9928,GamerLegion,20301,tauson,14,36,0.39,-22,0.6,50.4,59.1,-4.31
2393349,2026-05-02,BLAST Rivals 2026 Season 1,All,9928,GamerLegion,22279,pr,30,37,0.81,-7,0.9,74.4,61.4,-2.7
2393349,2026-05-02,BLAST Rivals 2026 Season 1,All,9928,GamerLegion,23766,hypex,24,30,0.8,-6,0.89,50.4,63.6,0.42
2393350,2026-05-03,BLAST Rivals 2026 Season 1,All,4608,Natus Vincere,9816,aleksib,32,52,0.62,-20,0.66,53.9,60.3,-5.36
2393350,2026-05-03,BLAST Rivals 2026 Season 1,All,4608,Natus Vincere,14759,im,45,54,0.83,-9,1.0,78.4,70.6,0.29
2393350,2026-05-03,BLAST Rivals 2026 Season 1,All,4608,Natus Vincere,18987,b1t,46,60,0.77,-14,0.91,72.7,60.3,-1.16
2393350,2026-05-03,BLAST Rivals 2026 Season 1,All,4608,Natus Vincere,20127,w0nderful,53,42,1.26,11,1.07,77.2,70.6,-1.96
2393350,2026-05-03,BLAST Rivals 2026 Season 1,All,4608,Natus Vincere,22673,makazze,44,56,0.79,-12,0.98,72.2,66.2,-1.02
2393350,2026-05-03,BLAST Rivals 2026 Season 1,All,9565,Vitality,7322,apex,39,51,0.76,-12,0.81,68.7,72.1,-2.79
2393350,2026-05-03,BLAST Rivals 2026 Season 1,All,9565,Vitality,11816,ropz,60,38,1.58,22,1.55,81.6,80.9,6.08
2393350,2026-05-03,BLAST Rivals 2026 Season 1,All,9565,Vitality,11893,zywoo,54,45,1.2,9,1.29,87.3,83.8,2.65
2393350,2026-05-03,BLAST Rivals 2026 Season 1,All,9565,Vitality,16693,flamez,54,45,1.2,9,1.28,84.7,70.6,1.86
2393350,2026-05-03,BLAST Rivals 2026 Season 1,All,9565,Vitality,18462,mezii,55,41,1.34,14,1.24,75.0,79.4,1.19
2394108,2026-05-11,IEM Atlanta 2026,All,9565,Vitality,7322,apex,33,33,1.0,0,1.08,103.1,72.1,-0.38
2394108,2026-05-11,IEM Atlanta 2026,All,9565,Vitality,11816,ropz,30,22,1.36,8,1.1,58.0,81.4,0.02
2394108,2026-05-11,IEM Atlanta 2026,All,9565,Vitality,11893,zywoo,38,20,1.9,18,1.52,90.1,81.4,6.41
2394108,2026-05-11,IEM Atlanta 2026,All,9565,Vitality,16693,flamez,27,29,0.93,-2,0.97,63.5,69.8,-0.52
2394108,2026-05-11,IEM Atlanta 2026,All,9565,Vitality,18462,mezii,23,22,1.05,1,1.25,64.6,81.4,3.07
2394108,2026-05-11,IEM Atlanta 2026,All,12878,BC.Game,7998,s1mple,41,29,1.41,12,1.18,86.4,67.4,1.85
2394108,2026-05-11,IEM Atlanta 2026,All,12878,BC.Game,8212,scrunk,13,31,0.42,-18,0.61,45.1,76.7,-5.02
2394108,2026-05-11,IEM Atlanta 2026,All,12878,BC.Game,8918,electronic,22,33,0.67,-11,0.74,55.7,58.1,-2.05
2394108,2026-05-11,IEM Atlanta 2026,All,12878,BC.Game,20903,senzu,26,28,0.93,-2,1.03,70.0,67.4,-0.07
2394108,2026-05-11,IEM Atlanta 2026,All,12878,BC.Game,23140,krazy,23,31,0.74,-8,0.82,57.6,67.4,-3.51
2394111,2026-05-11,IEM Atlanta 2026,All,6673,NRG,7687,nitr0,27,39,0.69,-12,0.99,73.1,64.7,-0.1
2394111,2026-05-11,IEM Atlanta 2026,All,6673,NRG,8711,sonic,29,40,0.72,-11,0.95,64.1,56.9,0.51
2394111,2026-05-11,IEM Atlanta 2026,All,6673,NRG,13249,osee,20,33,0.61,-13,0.65,40.8,70.6,-3.84
2394111,2026-05-11,IEM Atlanta 2026,All,6673,NRG,13578,grim,40,40,1.0,0,1.03,80.3,66.7,-1.46
2394111,2026-05-11,IEM Atlanta 2026,All,6673,NRG,16717,br0,32,36,0.89,-4,0.91,73.1,66.7,-1.15
2394111,2026-05-11,IEM Atlanta 2026,All,13286,FUT,20584,dem0n,45,28,1.61,17,1.48,83.6,70.6,4.15
2394111,2026-05-11,IEM Atlanta 2026,All,13286,FUT,20761,launx,22,34,0.65,-12,0.82,59.1,74.5,-1.99
2394111,2026-05-11,IEM Atlanta 2026,All,13286,FUT,22203,krabeni,45,37,1.22,8,1.25,100.0,72.5,0.54
2394111,2026-05-11,IEM Atlanta 2026,All,13286,FUT,22674,cmtry,27,25,1.08,2,1.0,54.4,76.5,0.84
2394111,2026-05-11,IEM Atlanta 2026,All,13286,FUT,23553,dziugss,49,27,1.81,22,1.58,104.7,84.3,2.5
2394128,2026-05-10,PGL Astana 2026,All,7175,HEROIC,19187,xfl0ud,10,32,0.31,-22,0.55,51.1,56.8,-3.59
2394128,2026-05-10,PGL Astana 2026,All,7175,HEROIC,20119,nilo,24,30,0.8,-6,0.86,69.6,54.1,-1.46
2394128,2026-05-10,PGL Astana 2026,All,7175,HEROIC,21163,susp,20,26,0.77,-6,0.96,61.5,67.6,0.43
2394128,2026-05-10,PGL Astana 2026,All,7175,HEROIC,21983,chr1zn,23,33,0.7,-10,0.7,65.8,54.1,-5.92
2394128,2026-05-10,PGL Astana 2026,All,7175,HEROIC,22047,yxngstxr,16,31,0.52,-15,0.7,54.9,59.5,-4.15
2394128,2026-05-10,PGL Astana 2026,All,8297,FURIA,2023,fallen,29,18,1.61,11,1.36,70.0,89.2,3.3
2394128,2026-05-10,PGL Astana 2026,All,8297,FURIA,12553,yuurih,27,17,1.59,10,1.16,73.5,83.8,0.86
2394128,2026-05-10,PGL Astana 2026,All,8297,FURIA,13915,yekindar,36,21,1.71,15,1.61,121.4,89.2,4.08
2394128,2026-05-10,PGL Astana 2026,All,8297,FURIA,15631,kscerato,24,21,1.14,3,1.0,72.2,81.1,-1.22
2394128,2026-05-10,PGL Astana 2026,All,8297,FURIA,24144,molodoy,35,16,2.19,19,1.75,100.6,94.6,7.38
2394130,2026-05-10,PGL Astana 2026,All,9996,9z,12092,max,35,32,1.09,3,1.05,71.4,77.2,0.21
2394130,2026-05-10,PGL Astana 2026,All,9996,9z,14736,dgt,47,27,1.74,20,1.39,87.0,80.7,3.65
2394130,2026-05-10,PGL Astana 2026,All,9996,9z,14737,meyern,38,29,1.31,9,1.06,64.2,77.2,0.34
2394130,2026-05-10,PGL Astana 2026,All,9996,9z,20394,luchov,47,41,1.15,6,1.28,87.2,70.2,2.12
2394130,2026-05-10,PGL Astana 2026,All,9996,9z,22613,huasopeek,35,33,1.06,2,0.96,60.0,75.4,0.34
2394130,2026-05-10,PGL Astana 2026,All,11283,Falcons,429,karrigan,17,43,0.4,-26,0.57,45.8,66.7,-5.02
2394130,2026-05-10,PGL Astana 2026,All,11283,Falcons,3741,niko,40,38,1.05,2,1.17,82.7,66.7,1.41
2394130,2026-05-10,PGL Astana 2026,All,11283,Falcons,12018,teses,31,43,0.72,-12,0.87,66.1,77.2,-2.85
2394130,2026-05-10,PGL Astana 2026,All,11283,Falcons,19230,m0nesy,36,34,1.06,2,1.06,73.2,66.7,0.87
2394130,2026-05-10,PGL Astana 2026,All,11283,Falcons,24177,kyousuke,38,44,0.86,-6,0.92,72.4,66.7,-1.06
2394142,2026-05-12,PGL Astana 2026,All,6248,The MongolZ,20194,blitz,61,47,1.3,14,1.25,89.8,75.3,0.73
2394142,2026-05-12,PGL Astana 2026,All,6248,The MongolZ,20275,techno,34,51,0.67,-17,0.76,53.0,61.6,-3.93
2394142,2026-05-12,PGL Astana 2026,All,6248,The MongolZ,21001,mzinho,56,50,1.12,6,1.2,88.9,65.8,1.15
2394142,2026-05-12,PGL Astana 2026,All,6248,The MongolZ,21809,910,47,47,1.0,0,0.87,66.2,75.3,-2.13
2394142,2026-05-12,PGL Astana 2026,All,6248,The MongolZ,23402,cobrazera,39,54,0.72,-15,0.73,53.7,58.9,-2.86
2394142,2026-05-12,PGL Astana 2026,All,11283,Falcons,429,karrigan,31,50,0.62,-19,0.85,54.4,69.9,-1.04
2394142,2026-05-12,PGL Astana 2026,All,11283,Falcons,3741,niko,47,53,0.89,-6,1.03,75.5,64.4,0.9
2394142,2026-05-12,PGL Astana 2026,All,11283,Falcons,12018,teses,40,46,0.87,-6,0.92,59.0,65.8,-1.18
2394142,2026-05-12,PGL Astana 2026,All,11283,Falcons,19230,m0nesy,66,42,1.57,24,1.36,84.9,74.0,4.09
2394142,2026-05-12,PGL Astana 2026,All,11283,Falcons,24177,kyousuke,63,48,1.31,15,1.45,100.0,74.0,3.9
2394152,2026-05-15,PGL Astana 2026,All,8297,FURIA,2023,fallen,64,67,0.96,-3,0.97,68.2,74.0,-1.77
2394152,2026-05-15,PGL Astana 2026,All,8297,FURIA,12553,yuurih,66,67,0.99,-1,1.04,68.2,79.0,-0.64
2394152,2026-05-15,PGL Astana 2026,All,8297,FURIA,13915,yekindar,73,70,1.04,3,1.08,77.8,76.0,-0.92
2394152,2026-05-15,PGL Astana 2026,All,8297,FURIA,15631,kscerato,80,67,1.19,13,1.18,90.0,76.0,0.31
2394152,2026-05-15,PGL Astana 2026,All,8297,FURIA,24144,molodoy,76,65,1.17,11,1.12,79.4,72.0,1.36
2394152,2026-05-15,PGL Astana 2026,All,11283,Falcons,429,karrigan,39,74,0.53,-35,0.61,41.4,61.0,-6.44
2394152,2026-05-15,PGL Astana 2026,All,11283,Falcons,3741,niko,63,73,0.86,-10,1.01,69.4,72.0,-0.35
2394152,2026-05-15,PGL Astana 2026,All,11283,Falcons,12018,teses,68,69,0.99,-1,1.25,83.8,75.0,3.2
2394152,2026-05-15,PGL Astana 2026,All,11283,Falcons,19230,m0nesy,77,69,1.12,8,1.16,73.8,76.0,2.81
2394152,2026-05-15,PGL Astana 2026,All,11283,Falcons,24177,kyousuke,85,78,1.09,7,1.3,90.2,72.0,2.29
2394154,2026-05-16,PGL Astana 2026,All,11283,Falcons,429,karrigan,26,20,1.3,6,1.13,73.3,76.3,0.6
2394154,2026-05-16,PGL Astana 2026,All,11283,Falcons,3741,niko,35,18,1.94,17,1.49,90.8,78.9,3.82
2394154,2026-05-16,PGL Astana 2026,All,11283,Falcons,12018,teses,25,21,1.19,4,1.04,76.7,71.1,-0.38
2394154,2026-05-16,PGL Astana 2026,All,11283,Falcons,19230,m0nesy,44,20,2.2,24,1.68,104.4,78.9,7.92
2394154,2026-05-16,PGL Astana 2026,All,11283,Falcons,24177,kyousuke,21,21,1.0,0,1.08,67.3,78.9,1.41
2394154,2026-05-16,PGL Astana 2026,All,13592,magic,19874,masval,14,29,0.48,-15,0.66,50.2,60.5,-4.63
2394154,2026-05-16,PGL Astana 2026,All,13592,magic,22075,sfade8,15,31,0.48,-16,0.63,53.6,52.6,-4.05
2394154,2026-05-16,PGL Astana 2026,All,13592,magic,22076,aw,20,30,0.67,-10,0.81,51.8,47.4,-2.01
2394154,2026-05-16,PGL Astana 2026,All,13592,magic,23858,mo0n,28,30,0.93,-2,1.08,84.2,52.6,-0.15
2394154,2026-05-16,PGL Astana 2026,All,13592,magic,24173,tenzy,23,31,0.74,-8,0.82,65.9,55.3,-2.52
2394157,2026-05-12,IEM Atlanta 2026,All,9565,Vitality,7322,apex,31,45,0.69,-14,0.79,59.5,60.0,-2.43
2394157,2026-05-12,IEM Atlanta 2026,All,9565,Vitality,11816,ropz,40,44,0.91,-4,1.01,66.9,66.2,0.94
2394157,2026-05-12,IEM Atlanta 2026,All,9565,Vitality,11893,zywoo,48,41,1.17,7,1.28,75.7,70.8,2.71
2394157,2026-05-12,IEM Atlanta 2026,All,9565,Vitality,16693,flamez,37,48,0.77,-11,0.86,64.4,73.8,-2.76
2394157,2026-05-12,IEM Atlanta 2026,All,9565,Vitality,18462,mezii,52,45,1.16,7,1.22,84.7,72.3,1.61
2394157,2026-05-12,IEM Atlanta 2026,All,12394,BetBoom,11840,boombl4,34,47,0.72,-13,0.79,58.6,69.2,-2.99
2394157,2026-05-12,IEM Atlanta 2026,All,12394,BetBoom,15662,zorte,50,37,1.35,13,1.17,76.1,72.3,2.82
2394157,2026-05-12,IEM Atlanta 2026,All,12394,BetBoom,18506,s1ren,39,45,0.87,-6,0.86,74.2,73.8,-3.72
2394157,2026-05-12,IEM Atlanta 2026,All,12394,BetBoom,20994,fl4mus,49,43,1.14,6,1.18,82.4,72.3,1.31
2394157,2026-05-12,IEM Atlanta 2026,All,12394,BetBoom,21667,magnojez,50,36,1.39,14,1.26,83.5,75.4,2.51
2394158,2026-05-12,IEM Atlanta 2026,All,4773,paiN,16816,vsm,31,50,0.62,-19,0.8,61.3,66.2,-1.45
2394158,2026-05-12,IEM Atlanta 2026,All,4773,paiN,18141,biguzera,39,42,0.93,-3,1.02,66.3,70.6,0.97
2394158,2026-05-12,IEM Atlanta 2026,All,4773,paiN,18714,piriajr,55,42,1.31,13,1.17,87.3,69.1,1.93
2394158,2026-05-12,IEM Atlanta 2026,All,4773,paiN,18835,saffee,47,39,1.21,8,0.92,68.0,69.1,-0.3
2394158,2026-05-12,IEM Atlanta 2026,All,4773,paiN,20171,snow,48,45,1.07,3,1.08,77.4,69.1,0.04
2394158,2026-05-12,IEM Atlanta 2026,All,13286,FUT,20584,dem0n,41,41,1.0,0,1.14,71.9,72.1,1.77
2394158,2026-05-12,IEM Atlanta 2026,All,13286,FUT,20761,launx,36,48,0.75,-12,0.84,60.4,66.2,-2.36
2394158,2026-05-12,IEM Atlanta 2026,All,13286,FUT,22203,krabeni,48,52,0.92,-4,1.01,82.5,70.6,-1.6
2394158,2026-05-12,IEM Atlanta 2026,All,13286,FUT,22674,cmtry,43,40,1.07,3,1.0,65.0,75.0,-0.5
2394158,2026-05-12,IEM Atlanta 2026,All,13286,FUT,23553,dziugss,48,43,1.12,5,1.14,74.0,69.1,1.29
2394165,2026-05-13,IEM Atlanta 2026,All,11241,B8,20112,alex666,26,27,0.96,-1,0.97,69.9,77.3,-1.3
2394165,2026-05-13,IEM Atlanta 2026,All,11241,B8,21708,npl,43,27,1.59,16,1.44,88.1,77.3,3.66
2394165,2026-05-13,IEM Atlanta 2026,All,11241,B8,22842,kensizor,27,33,0.82,-6,1.05,76.6,81.8,0.55
2394165,2026-05-13,IEM Atlanta 2026,All,11241,B8,23643,esenthial,30,31,0.97,-1,0.98,67.1,75.0,-1.14
2394165,2026-05-13,IEM Atlanta 2026,All,11241,B8,25619,s1zzi,40,27,1.48,13,1.37,80.9,72.7,4.03
2394165,2026-05-13,IEM Atlanta 2026,All,13286,FUT,20584,dem0n,35,31,1.13,4,1.15,79.0,70.5,0.49
2394165,2026-05-13,IEM Atlanta 2026,All,13286,FUT,20761,launx,29,34,0.85,-5,0.95,74.2,70.5,-1.03
2394165,2026-05-13,IEM Atlanta 2026,All,13286,FUT,22203,krabeni,32,35,0.91,-3,0.97,77.6,70.5,-2.39
2394165,2026-05-13,IEM Atlanta 2026,All,13286,FUT,22674,cmtry,24,34,0.71,-10,0.86,63.7,72.7,-0.95
2394165,2026-05-13,IEM Atlanta 2026,All,13286,FUT,23553,dziugss,24,32,0.75,-8,0.88,67.5,68.2,-1.92
2394166,2026-05-13,IEM Atlanta 2026,All,6667,FaZe,9960,frozen,38,33,1.15,5,1.25,84.5,75.0,1.17
2394166,2026-05-13,IEM Atlanta 2026,All,6667,FaZe,10394,twistzz,38,37,1.03,1,1.13,79.3,66.7,1.02
2394166,2026-05-13,IEM Atlanta 2026,All,6667,FaZe,18053,broky,24,33,0.73,-9,0.71,53.0,62.5,-3.99
2394166,2026-05-13,IEM Atlanta 2026,All,6667,FaZe,21972,neityu,30,34,0.88,-4,1.03,72.0,64.6,-0.93
2394166,2026-05-13,IEM Atlanta 2026,All,6667,FaZe,22383,jcobbb,21,35,0.6,-14,0.74,59.3,62.5,-4.58
2394166,2026-05-13,IEM Atlanta 2026,All,9565,Vitality,7322,apex,31,35,0.89,-4,1.04,85.5,64.6,0.48
2394166,2026-05-13,IEM Atlanta 2026,All,9565,Vitality,11816,ropz,40,29,1.38,11,1.41,78.8,81.2,5.5
2394166,2026-05-13,IEM Atlanta 2026,All,9565,Vitality,11893,zywoo,44,25,1.76,19,1.49,91.2,70.8,5.82
2394166,2026-05-13,IEM Atlanta 2026,All,9565,Vitality,16693,flamez,28,31,0.9,-3,0.84,66.6,66.7,-3.54
2394166,2026-05-13,IEM Atlanta 2026,All,9565,Vitality,18462,mezii,28,33,0.85,-5,0.97,62.4,68.8,-0.95
2394170,2026-05-13,IEM Atlanta 2026,All,9565,Vitality,7322,apex,23,20,1.15,3,1.1,73.6,87.2,0.82
2394170,2026-05-13,IEM Atlanta 2026,All,9565,Vitality,11816,ropz,31,17,1.82,14,1.25,76.2,84.6,1.95
2394170,2026-05-13,IEM Atlanta 2026,All,9565,Vitality,11893,zywoo,34,19,1.79,15,1.36,87.3,79.5,4.47
2394170,2026-05-13,IEM Atlanta 2026,All,9565,Vitality,16693,flamez,36,22,1.64,14,1.57,89.7,84.6,4.3
2394170,2026-05-13,IEM Atlanta 2026,All,9565,Vitality,18462,mezii,24,20,1.2,4,1.07,73.5,84.6,-0.63
2394170,2026-05-13,IEM Atlanta 2026,All,11241,B8,20112,alex666,14,30,0.47,-16,0.72,48.2,64.1,-1.28
2394170,2026-05-13,IEM Atlanta 2026,All,11241,B8,21708,npl,23,29,0.79,-6,0.77,64.9,64.1,-2.88
2394170,2026-05-13,IEM Atlanta 2026,All,11241,B8,22842,kensizor,16,32,0.5,-16,0.65,56.6,64.1,-5.11
2394170,2026-05-13,IEM Atlanta 2026,All,11241,B8,23643,esenthial,13,28,0.46,-15,0.59,37.7,61.5,-5.64
2394170,2026-05-13,IEM Atlanta 2026,All,11241,B8,25619,s1zzi,32,29,1.1,3,1.24,82.8,64.1,3.99
2394174,2026-05-15,IEM Atlanta 2026,All,4608,Natus Vincere,9816,aleksib,29,31,0.94,-2,0.92,64.5,73.4,-0.95
2394174,2026-05-15,IEM Atlanta 2026,All,4608,Natus Vincere,14759,im,43,36,1.19,7,1.08,64.5,81.2,1.02
2394174,2026-05-15,IEM Atlanta 2026,All,4608,Natus Vincere,18987,b1t,49,33,1.48,16,1.27,81.7,85.9,2.28
2394174,2026-05-15,IEM Atlanta 2026,All,4608,Natus Vincere,20127,w0nderful,59,28,2.11,31,1.45,85.2,82.8,4.23
2394174,2026-05-15,IEM Atlanta 2026,All,4608,Natus Vincere,22673,makazze,36,38,0.95,-2,0.97,64.1,82.8,-0.87
2394174,2026-05-15,IEM Atlanta 2026,All,9565,Vitality,7322,apex,25,49,0.51,-24,0.67,57.1,64.1,-3.71
2394174,2026-05-15,IEM Atlanta 2026,All,9565,Vitality,11816,ropz,36,37,0.97,-1,1.0,58.5,73.4,0.77
2394174,2026-05-15,IEM Atlanta 2026,All,9565,Vitality,11893,zywoo,39,40,0.97,-1,0.95,57.0,65.6,0.47
2394174,2026-05-15,IEM Atlanta 2026,All,9565,Vitality,16693,flamez,38,46,0.83,-8,0.95,63.4,65.6,-0.15
2394174,2026-05-15,IEM Atlanta 2026,All,9565,Vitality,18462,mezii,28,44,0.64,-16,0.76,63.8,68.8,-3.1
2394208,2026-05-20,CS Asia Championships 2026,All,11283,Falcons,429,karrigan,30,39,0.77,-9,0.84,61.0,77.6,-3.19
2394208,2026-05-20,CS Asia Championships 2026,All,11283,Falcons,3741,niko,40,33,1.21,7,1.25,74.2,81.0,2.86
2394208,2026-05-20,CS Asia Championships 2026,All,11283,Falcons,12018,teses,33,36,0.92,-3,0.91,61.2,65.5,-0.92
2394208,2026-05-20,CS Asia Championships 2026,All,11283,Falcons,19230,m0nesy,52,26,2.0,26,1.48,83.2,79.3,4.58
2394208,2026-05-20,CS Asia Championships 2026,All,11283,Falcons,24177,kyousuke,42,40,1.05,2,1.11,78.2,74.1,0.62
2394208,2026-05-20,CS Asia Championships 2026,All,12376,M80,15370,slaxz,34,37,0.92,-3,0.89,67.4,67.2,-2.17
2394208,2026-05-20,CS Asia Championships 2026,All,12376,M80,16599,swisher,37,42,0.88,-5,1.01,74.4,74.1,-0.13
2394208,2026-05-20,CS Asia Championships 2026,All,12376,M80,20104,s1n,32,33,0.97,-1,0.94,58.8,65.5,-0.24
2394208,2026-05-20,CS Asia Championships 2026,All,12376,M80,21665,jba,31,42,0.74,-11,0.92,68.2,69.0,-1.42
2394208,2026-05-20,CS Asia Championships 2026,All,12376,M80,22921,lake,39,43,0.91,-4,0.97,64.9,69.0,0.0
2394219,2026-05-22,CS Asia Championships 2026,All,11283,Falcons,429,karrigan,21,28,0.75,-7,0.81,64.3,78.6,-5.97
2394219,2026-05-22,CS Asia Championships 2026,All,11283,Falcons,3741,niko,30,29,1.03,1,1.06,73.4,66.7,0.0
2394219,2026-05-22,CS Asia Championships 2026,All,11283,Falcons,12018,teses,40,24,1.67,16,1.75,99.1,78.6,7.94
2394219,2026-05-22,CS Asia Championships 2026,All,11283,Falcons,19230,m0nesy,30,28,1.07,2,1.23,69.1,76.2,5.08
2394219,2026-05-22,CS Asia Championships 2026,All,11283,Falcons,24177,kyousuke,34,29,1.17,5,1.2,80.1,69.0,2.86
2394219,2026-05-22,CS Asia Championships 2026,All,12468,Legacy,12521,art,19,30,0.63,-11,0.64,51.8,61.9,-3.8
2394219,2026-05-22,CS Asia Championships 2026,All,12468,Legacy,15698,dumau,26,36,0.72,-10,0.81,70.3,61.9,-3.75
2394219,2026-05-22,CS Asia Championships 2026,All,12468,Legacy,19045,latto,27,32,0.84,-5,0.82,67.0,66.7,-4.24
2394219,2026-05-22,CS Asia Championships 2026,All,12468,Legacy,19686,n1ssim,31,30,1.03,1,1.04,71.3,71.4,-1.59
2394219,2026-05-22,CS Asia Championships 2026,All,12468,Legacy,22965,saadzin,35,28,1.25,7,1.27,91.0,66.7,3.02
2394220,2026-05-22,CS Asia Championships 2026,All,4494,MOUZ,18072,torzsi,34,16,2.12,18,1.46,89.2,83.8,4.47
2394220,2026-05-22,CS Asia Championships 2026,All,4494,MOUZ,18221,spinx,23,24,0.96,-1,1.08,69.1,75.7,1.58
2394220,2026-05-22,CS Asia Championships 2026,All,4494,MOUZ,19206,jl,20,19,1.05,1,0.88,61.7,78.4,-2.54
2394220,2026-05-22,CS Asia Championships 2026,All,4494,MOUZ,20312,xertion,34,18,1.89,16,1.59,108.9,83.8,3.85
2394220,2026-05-22,CS Asia Championships 2026,All,4494,MOUZ,24457,xelex,36,21,1.71,15,1.71,93.1,89.2,6.54
2394220,2026-05-22,CS Asia Championships 2026,All,4773,paiN,16816,vsm,25,30,0.83,-5,0.85,66.2,59.5,-1.36
2394220,2026-05-22,CS Asia Championships 2026,All,4773,paiN,18141,biguzera,18,27,0.67,-9,0.74,59.8,51.4,-2.46
2394220,2026-05-22,CS Asia Championships 2026,All,4773,paiN,18714,piriajr,22,29,0.76,-7,0.96,65.9,54.1,1.83
2394220,2026-05-22,CS Asia Championships 2026,All,4773,paiN,18835,saffee,18,30,0.6,-12,0.68,54.9,54.1,-5.33
2394220,2026-05-22,CS Asia Championships 2026,All,4773,paiN,20171,snow,14,33,0.42,-19,0.46,48.1,54.1,-7.88
2394225,2026-05-23,CS Asia Championships 2026,All,4494,MOUZ,18072,torzsi,44,37,1.19,7,1.07,70.2,66.7,2.04
2394225,2026-05-23,CS Asia Championships 2026,All,4494,MOUZ,18221,spinx,32,42,0.76,-10,0.87,62.3,68.3,-2.38
2394225,2026-05-23,CS Asia Championships 2026,All,4494,MOUZ,19206,jl,38,41,0.93,-3,0.93,53.9,63.5,-0.6
2394225,2026-05-23,CS Asia Championships 2026,All,4494,MOUZ,20312,xertion,36,51,0.71,-15,0.79,67.7,61.9,-2.62
2394225,2026-05-23,CS Asia Championships 2026,All,4494,MOUZ,24457,xelex,47,42,1.12,5,1.19,84.2,68.3,1.34
2394225,2026-05-23,CS Asia Championships 2026,All,11283,Falcons,429,karrigan,32,44,0.73,-12,0.79,54.5,61.9,-2.98
2394225,2026-05-23,CS Asia Championships 2026,All,11283,Falcons,3741,niko,52,39,1.33,13,1.42,88.5,81.0,5.04
2394225,2026-05-23,CS Asia Championships 2026,All,11283,Falcons,12018,teses,40,39,1.03,1,1.07,70.5,77.8,-0.37
2394225,2026-05-23,CS Asia Championships 2026,All,11283,Falcons,19230,m0nesy,41,39,1.05,2,0.99,72.4,69.8,-0.38
2394225,2026-05-23,CS Asia Championships 2026,All,11283,Falcons,24177,kyousuke,46,38,1.21,8,1.15,77.1,73.0,0.91
2394227,2026-05-24,CS Asia Championships 2026,All,4494,MOUZ,18072,torzsi,22,10,2.2,12,1.34,79.3,86.7,4.2
2394227,2026-05-24,CS Asia Championships 2026,All,4494,MOUZ,18221,spinx,22,15,1.47,7,1.26,68.0,100.0,2.51
2394227,2026-05-24,CS Asia Championships 2026,All,4494,MOUZ,19206,jl,31,14,2.21,17,1.77,107.7,86.7,7.22
2394227,2026-05-24,CS Asia Championships 2026,All,4494,MOUZ,20312,xertion,33,15,2.2,18,1.94,112.9,96.7,9.23
2394227,2026-05-24,CS Asia Championships 2026,All,4494,MOUZ,24457,xelex,26,15,1.73,11,1.36,86.9,70.0,3.81
2394227,2026-05-24,CS Asia Championships 2026,All,9215,MIBR,19310,lnz,12,27,0.44,-15,0.65,55.9,50.0,-5.3
2394227,2026-05-24,CS Asia Championships 2026,All,9215,MIBR,20987,brnz4n,14,25,0.56,-11,0.61,53.6,43.3,-5.1
2394227,2026-05-24,CS Asia Championships 2026,All,9215,MIBR,21037,insani,16,28,0.57,-12,0.81,78.5,56.7,-4.48
2394227,2026-05-24,CS Asia Championships 2026,All,9215,MIBR,21288,venomzera,15,27,0.56,-12,0.61,51.8,56.7,-6.97
2394227,2026-05-24,CS Asia Championships 2026,All,9215,MIBR,23192,kl1m,12,27,0.44,-15,0.59,43.6,56.7,-5.13
2394228,2026-05-24,CS Asia Championships 2026,All,11283,Falcons,429,karrigan,29,59,0.49,-30,0.59,50.7,61.9,-6.04
2394228,2026-05-24,CS Asia Championships 2026,All,11283,Falcons,3741,niko,42,58,0.72,-16,0.85,56.0,70.2,-2.08
2394228,2026-05-24,CS Asia Championships 2026,All,11283,Falcons,12018,teses,47,56,0.84,-9,0.88,61.2,72.6,-2.71
2394228,2026-05-24,CS Asia Championships 2026,All,11283,Falcons,19230,m0nesy,69,56,1.23,13,1.12,79.1,75.0,0.98
2394228,2026-05-24,CS Asia Championships 2026,All,11283,Falcons,24177,kyousuke,79,58,1.36,21,1.41,98.5,75.0,2.83
2394228,2026-05-24,CS Asia Championships 2026,All,12468,Legacy,12521,art,42,60,0.7,-18,0.82,62.8,67.9,-1.53
2394228,2026-05-24,CS Asia Championships 2026,All,12468,Legacy,15698,dumau,65,59,1.1,6,1.11,82.5,69.0,0.72
2394228,2026-05-24,CS Asia Championships 2026,All,12468,Legacy,19045,latto,83,52,1.6,31,1.52,87.3,79.8,5.65
2394228,2026-05-24,CS Asia Championships 2026,All,12468,Legacy,19686,n1ssim,48,53,0.91,-5,1.05,71.8,64.3,1.29
2394228,2026-05-24,CS Asia Championships 2026,All,12468,Legacy,22965,saadzin,48,45,1.07,3,0.99,60.0,75.0,0.89
2394868,2026-06-06,IEM Cologne Major 2026 Stage 2,All,11241,B8,20112,alex666,9,16,0.56,-7,0.58,47.5,70.8,-5.19
2394868,2026-06-06,IEM Cologne Major 2026 Stage 2,All,11241,B8,21708,npl,13,18,0.72,-5,0.72,57.0,58.3,-2.92
2394868,2026-06-06,IEM Cologne Major 2026 Stage 2,All,11241,B8,22842,kensizor,14,17,0.82,-3,0.79,66.2,50.0,-0.88
2394868,2026-06-06,IEM Cologne Major 2026 Stage 2,All,11241,B8,23643,esenthial,24,18,1.33,6,1.42,111.1,79.2,3.02
2394868,2026-06-06,IEM Cologne Major 2026 Stage 2,All,11241,B8,25619,s1zzi,12,14,0.86,-2,0.98,52.7,58.3,0.31
2394868,2026-06-06,IEM Cologne Major 2026 Stage 2,All,13286,FUT,20584,dem0n,19,13,1.46,6,1.35,77.0,75.0,3.64
2394868,2026-06-06,IEM Cologne Major 2026 Stage 2,All,13286,FUT,20761,launx,12,16,0.75,-4,1.06,60.2,91.7,0.17
2394868,2026-06-06,IEM Cologne Major 2026 Stage 2,All,13286,FUT,22203,krabeni,15,15,1.0,0,1.02,66.6,75.0,1.18
2394868,2026-06-06,IEM Cologne Major 2026 Stage 2,All,13286,FUT,22674,cmtry,19,13,1.46,6,1.21,77.5,75.0,-0.05
2394868,2026-06-06,IEM Cologne Major 2026 Stage 2,All,13286,FUT,23553,dziugss,17,15,1.13,2,1.22,83.0,79.2,0.73
2394873,2026-06-06,IEM Cologne Major 2026 Stage 2,All,4863,TYLOO,19645,jamyoung,20,13,1.54,7,1.54,98.5,86.4,2.98
2394873,2026-06-06,IEM Cologne Major 2026 Stage 2,All,4863,TYLOO,20702,jee,11,15,0.73,-4,0.64,57.2,50.0,-3.54
2394873,2026-06-06,IEM Cologne Major 2026 Stage 2,All,4863,TYLOO,20895,mercury,15,15,1.0,0,0.85,81.8,63.6,-1.89
2394873,2026-06-06,IEM Cologne Major 2026 Stage 2,All,4863,TYLOO,21621,moseyuh,16,16,1.0,0,1.0,74.3,77.3,-1.64
2394873,2026-06-06,IEM Cologne Major 2026 Stage 2,All,4863,TYLOO,24857,zero,8,15,0.53,-7,0.58,28.4,50.0,-5.35
2394873,2026-06-06,IEM Cologne Major 2026 Stage 2,All,13286,FUT,20584,dem0n,14,14,1.0,0,1.14,63.0,72.7,2.61
2394873,2026-06-06,IEM Cologne Major 2026 Stage 2,All,13286,FUT,20761,launx,17,17,1.0,0,1.31,86.8,77.3,1.5
2394873,2026-06-06,IEM Cologne Major 2026 Stage 2,All,13286,FUT,22203,krabeni,18,13,1.38,5,1.4,86.4,77.3,4.66
2394873,2026-06-06,IEM Cologne Major 2026 Stage 2,All,13286,FUT,22674,cmtry,11,13,0.85,-2,0.83,54.3,68.2,-3.3
2394873,2026-06-06,IEM Cologne Major 2026 Stage 2,All,13286,FUT,23553,dziugss,14,13,1.08,1,1.3,77.5,77.3,3.98
2394887,2026-06-07,IEM Cologne Major 2026 Stage 2,All,5995,G2,3972,hunter,46,42,1.1,4,1.19,74.2,72.1,1.16
2394887,2026-06-07,IEM Cologne Major 2026 Stage 2,All,5995,G2,9436,nertz,38,39,0.97,-1,1.0,75.6,73.8,-0.67
2394887,2026-06-07,IEM Cologne Major 2026 Stage 2,All,5995,G2,19164,sunpayus,35,38,0.92,-3,0.8,60.9,67.2,-3.63
2394887,2026-06-07,IEM Cologne Major 2026 Stage 2,All,5995,G2,20447,heavygod,43,38,1.13,5,1.24,78.0,78.7,1.58
2394887,2026-06-07,IEM Cologne Major 2026 Stage 2,All,5995,G2,21062,matys,28,43,0.65,-15,0.88,53.5,67.2,-1.08
2394887,2026-06-07,IEM Cologne Major 2026 Stage 2,All,13286,FUT,20584,dem0n,47,37,1.27,10,1.21,80.2,72.1,3.06
2394887,2026-06-07,IEM Cologne Major 2026 Stage 2,All,13286,FUT,20761,launx,43,40,1.07,3,1.05,79.0,68.9,-1.46
2394887,2026-06-07,IEM Cologne Major 2026 Stage 2,All,13286,FUT,22203,krabeni,47,39,1.21,8,1.1,80.6,70.5,0.66
2394887,2026-06-07,IEM Cologne Major 2026 Stage 2,All,13286,FUT,22674,cmtry,31,34,0.91,-3,0.93,55.8,77.0,1.54
2394887,2026-06-07,IEM Cologne Major 2026 Stage 2,All,13286,FUT,23553,dziugss,32,40,0.8,-8,0.91,59.4,83.6,-1.16
2394898,2026-06-11,IEM Cologne Major 2026,All,9565,Vitality,7322,apex,36,34,1.06,2,1.01,77.5,68.5,-0.75
2394898,2026-06-11,IEM Cologne Major 2026,All,9565,Vitality,11816,ropz,32,34,0.94,-2,1.06,65.2,74.1,0.62
2394898,2026-06-11,IEM Cologne Major 2026,All,9565,Vitality,11893,zywoo,53,30,1.77,23,1.66,101.1,75.9,5.91
2394898,2026-06-11,IEM Cologne Major 2026,All,9565,Vitality,16693,flamez,50,39,1.28,11,1.52,94.4,83.3,3.8
2394898,2026-06-11,IEM Cologne Major 2026,All,9565,Vitality,18462,mezii,22,32,0.69,-10,0.78,51.8,66.7,-3.08
2394898,2026-06-11,IEM Cologne Major 2026,All,13286,FUT,20584,dem0n,36,42,0.86,-6,0.91,76.1,63.0,-1.81
2394898,2026-06-11,IEM Cologne Major 2026,All,13286,FUT,20761,launx,23,39,0.59,-16,0.65,42.8,64.8,-3.18
2394898,2026-06-11,IEM Cologne Major 2026,All,13286,FUT,22203,krabeni,37,41,0.9,-4,1.07,82.1,70.4,-0.41
2394898,2026-06-11,IEM Cologne Major 2026,All,13286,FUT,22674,cmtry,33,34,0.97,-1,0.86,58.0,63.0,-1.28
2394898,2026-06-11,IEM Cologne Major 2026,All,13286,FUT,23553,dziugss,40,37,1.08,3,1.1,78.7,72.2,0.17
2394899,2026-06-11,IEM Cologne Major 2026,All,5995,G2,3972,hunter,47,47,1.0,0,0.97,78.8,76.7,-1.6
2394899,2026-06-11,IEM Cologne Major 2026,All,5995,G2,9436,nertz,50,53,0.94,-3,0.93,71.0,67.1,-1.38
2394899,2026-06-11,IEM Cologne Major 2026,All,5995,G2,19164,sunpayus,39,48,0.81,-9,0.74,57.1,69.9,-3.59
2394899,2026-06-11,IEM Cologne Major 2026,All,5995,G2,20447,heavygod,57,52,1.1,5,1.26,81.5,74.0,1.55
2394899,2026-06-11,IEM Cologne Major 2026,All,5995,G2,21062,matys,42,51,0.82,-9,0.84,66.5,68.5,-1.15
2394899,2026-06-11,IEM Cologne Major 2026,All,11283,Falcons,429,karrigan,30,52,0.58,-22,0.69,49.3,64.4,-4.78
2394899,2026-06-11,IEM Cologne Major 2026,All,11283,Falcons,3741,niko,60,40,1.5,20,1.51,80.1,76.7,6.76
2394899,2026-06-11,IEM Cologne Major 2026,All,11283,Falcons,12018,teses,44,50,0.88,-6,1.02,64.2,71.2,-0.36
2394899,2026-06-11,IEM Cologne Major 2026,All,11283,Falcons,19230,m0nesy,63,41,1.54,22,1.41,91.0,76.7,4.12
2394899,2026-06-11,IEM Cologne Major 2026,All,11283,Falcons,24177,kyousuke,52,53,0.98,-1,1.14,81.7,80.8,0.24
2394901,2026-06-11,IEM Cologne Major 2026,All,8297,FURIA,2023,fallen,22,23,0.96,-1,0.9,56.4,70.0,-0.44
2394901,2026-06-11,IEM Cologne Major 2026,All,8297,FURIA,12553,yuurih,30,17,1.76,13,1.28,69.4,87.5,2.76
2394901,2026-06-11,IEM Cologne Major 2026,All,8297,FURIA,13915,yekindar,31,22,1.41,9,1.33,89.4,85.0,2.8
2394901,2026-06-11,IEM Cologne Major 2026,All,8297,FURIA,15631,kscerato,28,20,1.4,8,1.38,78.2,80.0,4.62
2394901,2026-06-11,IEM Cologne Major 2026,All,8297,FURIA,24144,molodoy,33,21,1.57,12,1.25,90.1,82.5,2.04
2394901,2026-06-11,IEM Cologne Major 2026,All,11241,B8,20112,alex666,22,30,0.73,-8,0.8,64.9,65.0,-3.27
2394901,2026-06-11,IEM Cologne Major 2026,All,11241,B8,21708,npl,15,31,0.48,-16,0.65,47.2,57.5,-5.02
2394901,2026-06-11,IEM Cologne Major 2026,All,11241,B8,22842,kensizor,20,28,0.71,-8,0.78,58.3,55.0,-2.84
2394901,2026-06-11,IEM Cologne Major 2026,All,11241,B8,23643,esenthial,22,27,0.81,-5,0.99,64.0,70.0,0.35
2394901,2026-06-11,IEM Cologne Major 2026,All,11241,B8,25619,s1zzi,24,28,0.86,-4,0.96,59.5,67.5,-0.99
2394905,2026-06-11,IEM Cologne Major 2026,All,4494,MOUZ,13666,brollan,29,22,1.32,7,1.42,88.6,81.1,5.15
2394905,2026-06-11,IEM Cologne Major 2026,All,4494,MOUZ,18072,torzsi,28,15,1.87,13,1.32,69.3,83.8,4.49
2394905,2026-06-11,IEM Cologne Major 2026,All,4494,MOUZ,18221,spinx,35,23,1.52,12,1.45,97.4,78.4,3.77
2394905,2026-06-11,IEM Cologne Major 2026,All,4494,MOUZ,20312,xertion,26,19,1.37,7,1.31,84.8,78.4,2.86
2394905,2026-06-11,IEM Cologne Major 2026,All,4494,MOUZ,24457,xelex,24,19,1.26,5,1.03,66.8,75.7,-0.3
2394905,2026-06-11,IEM Cologne Major 2026,All,12468,Legacy,12521,art,17,29,0.59,-12,0.76,58.0,62.2,-3.04
2394905,2026-06-11,IEM Cologne Major 2026,All,12468,Legacy,15698,dumau,22,31,0.71,-9,0.93,71.6,67.6,-2.09
2394905,2026-06-11,IEM Cologne Major 2026,All,12468,Legacy,19045,latto,20,27,0.74,-7,0.9,63.8,67.6,-0.25
2394905,2026-06-11,IEM Cologne Major 2026,All,12468,Legacy,19686,n1ssim,16,29,0.55,-13,0.6,49.2,48.6,-6.84
2394905,2026-06-11,IEM Cologne Major 2026,All,12468,Legacy,22965,saadzin,22,28,0.79,-6,0.85,63.8,64.9,-3.75
2394971,2026-06-12,IEM Cologne Major 2026,All,4494,MOUZ,13666,brollan,31,46,0.67,-15,0.91,66.5,64.3,-0.84
2394971,2026-06-12,IEM Cologne Major 2026,All,4494,MOUZ,18072,torzsi,42,39,1.08,3,1.26,81.2,67.9,3.0
2394971,2026-06-12,IEM Cologne Major 2026,All,4494,MOUZ,18221,spinx,30,41,0.73,-11,0.81,63.3,69.6,-2.45
2394971,2026-06-12,IEM Cologne Major 2026,All,4494,MOUZ,20312,xertion,37,38,0.97,-1,0.99,69.0,75.0,-0.68
2394971,2026-06-12,IEM Cologne Major 2026,All,4494,MOUZ,24457,xelex,28,43,0.65,-15,0.78,56.2,58.9,-1.61
2394971,2026-06-12,IEM Cologne Major 2026,All,8297,FURIA,2023,fallen,33,39,0.85,-6,0.93,66.0,73.2,-1.58
2394971,2026-06-12,IEM Cologne Major 2026,All,8297,FURIA,12553,yuurih,46,30,1.53,16,1.3,83.4,91.1,2.36
2394971,2026-06-12,IEM Cologne Major 2026,All,8297,FURIA,13915,yekindar,38,37,1.03,1,1.11,82.0,69.6,1.19
2394971,2026-06-12,IEM Cologne Major 2026,All,8297,FURIA,15631,kscerato,33,35,0.94,-2,0.83,63.2,83.9,-3.46
2394971,2026-06-12,IEM Cologne Major 2026,All,8297,FURIA,24144,molodoy,56,30,1.87,26,1.46,97.7,82.1,3.8
2394973,2026-06-12,IEM Cologne Major 2026,All,5995,G2,3972,hunter,40,39,1.03,1,0.93,69.1,72.9,-1.78
2394973,2026-06-12,IEM Cologne Major 2026,All,5995,G2,9436,nertz,33,41,0.8,-8,0.8,57.8,66.1,-2.53
2394973,2026-06-12,IEM Cologne Major 2026,All,5995,G2,19164,sunpayus,44,33,1.33,11,1.26,73.5,76.3,3.63
2394973,2026-06-12,IEM Cologne Major 2026,All,5995,G2,20447,heavygod,48,36,1.33,12,1.45,91.3,71.2,4.62
2394973,2026-06-12,IEM Cologne Major 2026,All,5995,G2,21062,matys,37,39,0.95,-2,1.03,74.3,72.9,-0.31
2394973,2026-06-12,IEM Cologne Major 2026,All,13286,FUT,20584,dem0n,42,41,1.02,1,0.95,74.5,66.1,-2.34
2394973,2026-06-12,IEM Cologne Major 2026,All,13286,FUT,20761,launx,24,39,0.62,-15,0.78,54.8,71.2,-2.94
2394973,2026-06-12,IEM Cologne Major 2026,All,13286,FUT,22203,krabeni,34,40,0.85,-6,0.88,67.3,62.7,-0.39
2394973,2026-06-12,IEM Cologne Major 2026,All,13286,FUT,22674,cmtry,41,39,1.05,2,0.99,71.1,69.5,-0.75
2394973,2026-06-12,IEM Cologne Major 2026,All,13286,FUT,23553,dziugss,47,43,1.09,4,1.28,90.9,74.6,2.8
2394975,2026-06-12,IEM Cologne Major 2026,All,11283,Falcons,429,karrigan,18,36,0.5,-18,0.68,55.5,63.8,-4.26
2394975,2026-06-12,IEM Cologne Major 2026,All,11283,Falcons,3741,niko,31,35,0.89,-4,0.89,76.8,66.0,-2.21
2394975,2026-06-12,IEM Cologne Major 2026,All,11283,Falcons,12018,teses,37,30,1.23,7,1.18,68.8,74.5,1.79
2394975,2026-06-12,IEM Cologne Major 2026,All,11283,Falcons,19230,m0nesy,36,31,1.16,5,1.08,77.2,63.8,0.75
2394975,2026-06-12,IEM Cologne Major 2026,All,11283,Falcons,24177,kyousuke,21,29,0.72,-8,0.85,61.6,66.0,-1.75
2394975,2026-06-12,IEM Cologne Major 2026,All,12394,BetBoom,11840,boombl4,22,33,0.67,-11,0.79,58.2,68.1,-2.12
2394975,2026-06-12,IEM Cologne Major 2026,All,12394,BetBoom,15662,zorte,24,26,0.92,-2,0.9,56.3,74.5,-0.73
2394975,2026-06-12,IEM Cologne Major 2026,All,12394,BetBoom,20357,d1ledez,43,29,1.48,14,1.26,93.3,70.2,-0.72
2394975,2026-06-12,IEM Cologne Major 2026,All,12394,BetBoom,20994,fl4mus,25,27,0.93,-2,0.96,56.2,66.0,0.78
2394975,2026-06-12,IEM Cologne Major 2026,All,12394,BetBoom,21667,magnojez,47,28,1.68,19,1.8,108.6,78.7,8.46
2394977,2026-06-12,IEM Cologne Major 2026,All,7020,Spirit,16920,sh1ro,43,28,1.54,15,1.22,81.6,77.2,2.44
2394977,2026-06-12,IEM Cologne Major 2026,All,7020,Spirit,18317,magixx,31,37,0.84,-6,0.94,61.0,66.7,-2.01
2394977,2026-06-12,IEM Cologne Major 2026,All,7020,Spirit,19808,tn1r,44,32,1.38,12,1.31,75.0,70.2,4.21
2394977,2026-06-12,IEM Cologne Major 2026,All,7020,Spirit,20423,zont1x,37,36,1.03,1,1.04,69.2,78.9,-0.96
2394977,2026-06-12,IEM Cologne Major 2026,All,7020,Spirit,21167,donk,46,37,1.24,9,1.41,87.6,73.7,4.68
2394977,2026-06-12,IEM Cologne Major 2026,All,11861,Aurora,150,maj3r,33,40,0.82,-7,0.99,78.0,56.1,-0.37
2394977,2026-06-12,IEM Cologne Major 2026,All,11861,Aurora,7938,xantares,37,44,0.84,-7,0.95,75.9,64.9,-1.98
2394977,2026-06-12,IEM Cologne Major 2026,All,11861,Aurora,8574,woxic,27,37,0.73,-10,0.7,47.3,61.4,-2.87
2394977,2026-06-12,IEM Cologne Major 2026,All,11861,Aurora,20968,soulfly,25,40,0.62,-15,0.74,56.9,68.4,-2.7
2394977,2026-06-12,IEM Cologne Major 2026,All,11861,Aurora,21243,wicadia,47,40,1.18,7,1.1,75.2,68.4,-0.43
2394978,2026-06-12,IEM Cologne Major 2026,All,9565,Vitality,7322,apex,28,42,0.67,-14,0.73,65.4,71.4,-3.87
2394978,2026-06-12,IEM Cologne Major 2026,All,9565,Vitality,11816,ropz,43,35,1.23,8,0.99,68.2,71.4,-0.29
2394978,2026-06-12,IEM Cologne Major 2026,All,9565,Vitality,11893,zywoo,45,38,1.18,7,1.19,82.4,74.6,2.12
2394978,2026-06-12,IEM Cologne Major 2026,All,9565,Vitality,16693,flamez,46,38,1.21,8,1.23,81.0,74.6,1.37
2394978,2026-06-12,IEM Cologne Major 2026,All,9565,Vitality,18462,mezii,44,34,1.29,10,1.08,69.5,73.0,0.59
2394978,2026-06-12,IEM Cologne Major 2026,All,9996,9z,12092,max,29,44,0.66,-15,0.86,60.0,65.1,-0.34
2394978,2026-06-12,IEM Cologne Major 2026,All,9996,9z,14736,dgt,39,41,0.95,-2,1.0,69.2,68.3,0.82
2394978,2026-06-12,IEM Cologne Major 2026,All,9996,9z,14737,meyern,46,39,1.18,7,1.11,76.0,71.4,1.18
2394978,2026-06-12,IEM Cologne Major 2026,All,9996,9z,20394,luchov,40,43,0.93,-3,0.99,73.0,57.1,-0.63
2394978,2026-06-12,IEM Cologne Major 2026,All,9996,9z,22613,huasopeek,33,44,0.75,-11,0.93,58.8,68.3,-0.95
2394980,2026-06-13,IEM Cologne Major 2026,All,11241,B8,20112,alex666,44,46,0.96,-2,0.99,68.2,76.8,-1.92
2394980,2026-06-13,IEM Cologne Major 2026,All,11241,B8,21708,npl,61,46,1.33,15,1.32,102.3,78.3,1.68
2394980,2026-06-13,IEM Cologne Major 2026,All,11241,B8,22842,kensizor,51,51,1.0,0,0.91,68.3,69.6,-1.75
2394980,2026-06-13,IEM Cologne Major 2026,All,11241,B8,23643,esenthial,40,45,0.89,-5,0.92,64.4,75.4,-1.11
2394980,2026-06-13,IEM Cologne Major 2026,All,11241,B8,25619,s1zzi,41,43,0.95,-2,0.98,67.8,68.1,1.35
2394980,2026-06-13,IEM Cologne Major 2026,All,13286,FUT,20584,dem0n,58,48,1.21,10,1.25,83.7,69.6,1.57
2394980,2026-06-13,IEM Cologne Major 2026,All,13286,FUT,20761,launx,49,50,0.98,-1,1.0,70.7,75.4,-1.62
2394980,2026-06-13,IEM Cologne Major 2026,All,13286,FUT,22203,krabeni,46,51,0.9,-5,1.12,79.2,68.1,2.1
2394980,2026-06-13,IEM Cologne Major 2026,All,13286,FUT,22674,cmtry,38,40,0.95,-2,0.97,57.3,65.2,1.41
2394980,2026-06-13,IEM Cologne Major 2026,All,13286,FUT,23553,dziugss,40,49,0.82,-9,0.91,66.6,66.7,-1.9
2394983,2026-06-13,IEM Cologne Major 2026,All,4494,MOUZ,13666,brollan,32,44,0.73,-12,0.94,64.5,61.0,-0.36
2394983,2026-06-13,IEM Cologne Major 2026,All,4494,MOUZ,18072,torzsi,39,40,0.97,-1,0.96,63.2,71.2,0.24
2394983,2026-06-13,IEM Cologne Major 2026,All,4494,MOUZ,18221,spinx,32,40,0.8,-8,0.85,62.3,67.8,-2.55
2394983,2026-06-13,IEM Cologne Major 2026,All,4494,MOUZ,20312,xertion,36,43,0.84,-7,1.07,83.4,66.1,-0.1
2394983,2026-06-13,IEM Cologne Major 2026,All,4494,MOUZ,24457,xelex,35,38,0.92,-3,1.01,63.7,67.8,0.07
2394983,2026-06-13,IEM Cologne Major 2026,All,9565,Vitality,7322,apex,35,37,0.95,-2,0.92,64.4,66.1,-1.39
2394983,2026-06-13,IEM Cologne Major 2026,All,9565,Vitality,11816,ropz,47,37,1.27,10,1.23,84.3,71.2,3.08
2394983,2026-06-13,IEM Cologne Major 2026,All,9565,Vitality,11893,zywoo,57,31,1.84,26,1.63,101.3,84.7,5.17
2394983,2026-06-13,IEM Cologne Major 2026,All,9565,Vitality,16693,flamez,33,35,0.94,-2,0.86,63.4,64.4,-3.38
2394983,2026-06-13,IEM Cologne Major 2026,All,9565,Vitality,18462,mezii,33,35,0.94,-2,0.89,58.4,71.2,-0.78
2394985,2026-06-13,IEM Cologne Major 2026,All,8297,FURIA,2023,fallen,14,17,0.82,-3,0.96,40.8,76.3,1.22
2394985,2026-06-13,IEM Cologne Major 2026,All,8297,FURIA,12553,yuurih,21,19,1.11,2,1.0,69.1,73.7,0.35
2394985,2026-06-13,IEM Cologne Major 2026,All,8297,FURIA,13915,yekindar,39,24,1.62,15,1.61,99.8,76.3,6.62
2394985,2026-06-13,IEM Cologne Major 2026,All,8297,FURIA,15631,kscerato,36,19,1.89,17,1.5,96.2,76.3,4.34
2394985,2026-06-13,IEM Cologne Major 2026,All,8297,FURIA,24144,molodoy,31,20,1.55,11,1.24,85.9,73.7,2.28
2394985,2026-06-13,IEM Cologne Major 2026,All,12394,BetBoom,11840,boombl4,12,27,0.44,-15,0.6,42.4,60.5,-4.72
2394985,2026-06-13,IEM Cologne Major 2026,All,12394,BetBoom,15662,zorte,26,26,1.0,0,0.91,73.1,65.8,-2.68
2394985,2026-06-13,IEM Cologne Major 2026,All,12394,BetBoom,20357,d1ledez,20,27,0.74,-7,0.88,59.7,63.2,-2.54
2394985,2026-06-13,IEM Cologne Major 2026,All,12394,BetBoom,20994,fl4mus,16,31,0.52,-15,0.6,44.4,50.0,-5.27
2394985,2026-06-13,IEM Cologne Major 2026,All,12394,BetBoom,21667,magnojez,25,30,0.83,-5,0.96,78.2,55.3,0.4
2394986,2026-06-13,IEM Cologne Major 2026,All,7020,Spirit,16920,sh1ro,71,50,1.42,21,1.22,83.5,78.2,1.81
2394986,2026-06-13,IEM Cologne Major 2026,All,7020,Spirit,18317,magixx,57,55,1.04,2,1.09,75.7,72.4,0.69
2394986,2026-06-13,IEM Cologne Major 2026,All,7020,Spirit,19808,tn1r,45,65,0.69,-20,0.76,54.9,66.7,-3.94
2394986,2026-06-13,IEM Cologne Major 2026,All,7020,Spirit,20423,zont1x,48,60,0.8,-12,0.92,66.6,69.0,-1.04
2394986,2026-06-13,IEM Cologne Major 2026,All,7020,Spirit,21167,donk,77,59,1.31,18,1.43,92.2,80.5,3.83
2394986,2026-06-13,IEM Cologne Major 2026,All,9996,9z,12092,max,42,62,0.68,-20,0.77,53.5,65.5,-2.53
2394986,2026-06-13,IEM Cologne Major 2026,All,9996,9z,14736,dgt,71,57,1.25,14,1.28,92.0,77.0,2.27
2394986,2026-06-13,IEM Cologne Major 2026,All,9996,9z,14737,meyern,53,54,0.98,-1,1.02,69.3,70.1,0.74
2394986,2026-06-13,IEM Cologne Major 2026,All,9996,9z,20394,luchov,62,63,0.98,-1,0.98,78.7,72.4,-1.63
2394986,2026-06-13,IEM Cologne Major 2026,All,9996,9z,22613,huasopeek,61,62,0.98,-1,1.01,69.6,71.3,-0.19
2394987,2026-06-14,IEM Cologne Major 2026,All,4494,MOUZ,13666,brollan,37,48,0.77,-11,0.85,66.2,71.6,-2.66
2394987,2026-06-14,IEM Cologne Major 2026,All,4494,MOUZ,18072,torzsi,48,42,1.14,6,1.07,71.8,73.1,0.02
2394987,2026-06-14,IEM Cologne Major 2026,All,4494,MOUZ,18221,spinx,39,42,0.93,-3,1.03,76.5,73.1,0.05
2394987,2026-06-14,IEM Cologne Major 2026,All,4494,MOUZ,20312,xertion,44,44,1.0,0,1.04,70.7,73.1,0.07
2394987,2026-06-14,IEM Cologne Major 2026,All,4494,MOUZ,24457,xelex,42,44,0.95,-2,0.89,62.0,61.2,-2.13
2394987,2026-06-14,IEM Cologne Major 2026,All,13286,FUT,20584,dem0n,38,41,0.93,-3,0.94,69.0,67.2,-1.16
2394987,2026-06-14,IEM Cologne Major 2026,All,13286,FUT,20761,launx,44,46,0.96,-2,1.08,68.4,80.6,1.07
2394987,2026-06-14,IEM Cologne Major 2026,All,13286,FUT,22203,krabeni,40,49,0.82,-9,0.88,65.2,64.2,-2.33
2394987,2026-06-14,IEM Cologne Major 2026,All,13286,FUT,22674,cmtry,43,35,1.23,8,1.12,64.6,71.6,3.23
2394987,2026-06-14,IEM Cologne Major 2026,All,13286,FUT,23553,dziugss,52,39,1.33,13,1.33,85.7,82.1,3.83
2394989,2026-06-14,IEM Cologne Major 2026,All,9565,Vitality,7322,apex,39,33,1.18,6,1.11,87.9,68.9,0.33
2394989,2026-06-14,IEM Cologne Major 2026,All,9565,Vitality,11816,ropz,33,28,1.18,5,1.25,83.1,77.8,2.8
2394989,2026-06-14,IEM Cologne Major 2026,All,9565,Vitality,11893,zywoo,53,24,2.21,29,1.66,108.9,84.4,4.88
2394989,2026-06-14,IEM Cologne Major 2026,All,9565,Vitality,16693,flamez,27,25,1.08,2,1.03,71.2,71.1,-1.21
2394989,2026-06-14,IEM Cologne Major 2026,All,9565,Vitality,18462,mezii,23,23,1.0,0,0.92,53.2,84.4,-2.32
2394989,2026-06-14,IEM Cologne Major 2026,All,12394,BetBoom,11840,boombl4,36,34,1.06,2,1.28,80.1,68.9,3.58
2394989,2026-06-14,IEM Cologne Major 2026,All,12394,BetBoom,15662,zorte,20,35,0.57,-15,0.64,47.4,48.9,-4.02
2394989,2026-06-14,IEM Cologne Major 2026,All,12394,BetBoom,20357,d1ledez,32,37,0.86,-5,0.99,79.2,68.9,-0.31
2394989,2026-06-14,IEM Cologne Major 2026,All,12394,BetBoom,20994,fl4mus,21,34,0.62,-13,0.71,61.0,55.6,-3.32
2394989,2026-06-14,IEM Cologne Major 2026,All,12394,BetBoom,21667,magnojez,23,35,0.66,-12,0.83,63.3,55.6,-0.42
2394991,2026-06-14,IEM Cologne Major 2026,All,4608,Natus Vincere,9816,aleksib,23,42,0.55,-19,0.78,52.1,66.2,-1.96
2394991,2026-06-14,IEM Cologne Major 2026,All,4608,Natus Vincere,14759,im,57,55,1.04,2,1.08,92.4,71.8,-0.82
2394991,2026-06-14,IEM Cologne Major 2026,All,4608,Natus Vincere,18987,b1t,46,49,0.94,-3,1.04,71.5,64.8,0.83
2394991,2026-06-14,IEM Cologne Major 2026,All,4608,Natus Vincere,20127,w0nderful,52,46,1.13,6,0.98,69.7,71.8,-0.75
2394991,2026-06-14,IEM Cologne Major 2026,All,4608,Natus Vincere,22673,makazze,44,52,0.85,-8,0.95,67.5,67.6,-0.78
2394991,2026-06-14,IEM Cologne Major 2026,All,11283,Falcons,429,karrigan,31,53,0.58,-22,0.66,49.7,63.4,-4.22
2394991,2026-06-14,IEM Cologne Major 2026,All,11283,Falcons,3741,niko,52,44,1.18,8,1.19,79.1,78.9,0.72
2394991,2026-06-14,IEM Cologne Major 2026,All,11283,Falcons,12018,teses,48,44,1.09,4,1.29,73.1,76.1,2.76
2394991,2026-06-14,IEM Cologne Major 2026,All,11283,Falcons,19230,m0nesy,57,36,1.58,21,1.33,73.7,83.1,4.3
2394991,2026-06-14,IEM Cologne Major 2026,All,11283,Falcons,24177,kyousuke,56,45,1.24,11,1.16,90.8,80.3,-0.09
2394994,2026-06-15,IEM Cologne Major 2026,All,12394,BetBoom,11840,boombl4,37,18,2.06,19,1.76,93.4,72.5,8.08
2394994,2026-06-15,IEM Cologne Major 2026,All,12394,BetBoom,15662,zorte,34,19,1.79,15,1.44,84.6,85.0,5.4
2394994,2026-06-15,IEM Cologne Major 2026,All,12394,BetBoom,20357,d1ledez,20,25,0.8,-5,0.79,58.1,77.5,-4.33
2394994,2026-06-15,IEM Cologne Major 2026,All,12394,BetBoom,20994,fl4mus,33,23,1.43,10,1.38,88.5,75.0,4.49
2394994,2026-06-15,IEM Cologne Major 2026,All,12394,BetBoom,21667,magnojez,27,26,1.04,1,1.03,74.7,80.0,-2.05
2394994,2026-06-15,IEM Cologne Major 2026,All,13286,FUT,20584,dem0n,15,29,0.52,-14,0.73,55.2,50.0,-2.64
2394994,2026-06-15,IEM Cologne Major 2026,All,13286,FUT,20761,launx,27,29,0.93,-2,1.04,71.3,70.0,-0.51
2394994,2026-06-15,IEM Cologne Major 2026,All,13286,FUT,22203,krabeni,20,35,0.57,-15,0.75,78.0,55.0,-3.57
2394994,2026-06-15,IEM Cologne Major 2026,All,13286,FUT,22674,cmtry,17,29,0.59,-12,0.64,43.0,52.5,-3.55
2394994,2026-06-15,IEM Cologne Major 2026,All,13286,FUT,23553,dziugss,30,29,1.03,1,0.95,70.0,67.5,-1.99
2394997,2026-06-18,IEM Cologne Major 2026,All,8297,FURIA,2023,fallen,30,38,0.79,-8,0.79,46.9,58.1,-2.14
2394997,2026-06-18,IEM Cologne Major 2026,All,8297,FURIA,12553,yuurih,40,34,1.18,6,1.2,85.6,79.0,2.45
2394997,2026-06-18,IEM Cologne Major 2026,All,8297,FURIA,13915,yekindar,42,44,0.95,-2,1.16,78.8,69.4,3.02
2394997,2026-06-18,IEM Cologne Major 2026,All,8297,FURIA,15631,kscerato,40,37,1.08,3,1.09,70.4,75.8,1.5
2394997,2026-06-18,IEM Cologne Major 2026,All,8297,FURIA,24144,molodoy,43,38,1.13,5,0.97,67.5,69.4,0.36
2394997,2026-06-18,IEM Cologne Major 2026,All,9996,9z,12092,max,33,34,0.97,-1,1.02,54.1,75.8,0.64
2394997,2026-06-18,IEM Cologne Major 2026,All,9996,9z,14736,dgt,35,41,0.85,-6,0.89,66.1,75.8,-1.77
2394997,2026-06-18,IEM Cologne Major 2026,All,9996,9z,14737,meyern,38,38,1.0,0,0.84,57.7,69.4,-1.12
2394997,2026-06-18,IEM Cologne Major 2026,All,9996,9z,20394,luchov,39,45,0.87,-6,1.04,71.3,74.2,-0.04
2394997,2026-06-18,IEM Cologne Major 2026,All,9996,9z,22613,huasopeek,44,43,1.02,1,0.95,79.7,72.6,-3.12
2394998,2026-06-19,IEM Cologne Major 2026,All,5995,G2,3972,hunter,68,62,1.1,6,1.06,68.2,76.8,-0.36
2394998,2026-06-19,IEM Cologne Major 2026,All,5995,G2,9436,nertz,53,71,0.75,-18,0.84,68.7,69.7,-3.01
2394998,2026-06-19,IEM Cologne Major 2026,All,5995,G2,19164,sunpayus,64,56,1.14,8,1.01,67.0,74.7,0.28
2394998,2026-06-19,IEM Cologne Major 2026,All,5995,G2,20447,heavygod,60,66,0.91,-6,1.08,76.6,65.7,0.82
2394998,2026-06-19,IEM Cologne Major 2026,All,5995,G2,21062,matys,71,68,1.04,3,1.19,72.9,77.8,2.02
2394998,2026-06-19,IEM Cologne Major 2026,All,7020,Spirit,16920,sh1ro,75,56,1.34,19,1.04,74.4,70.7,-0.81
2394998,2026-06-19,IEM Cologne Major 2026,All,7020,Spirit,18317,magixx,55,57,0.96,-2,0.94,66.5,74.7,-1.46
2394998,2026-06-19,IEM Cologne Major 2026,All,7020,Spirit,19808,tn1r,48,68,0.71,-20,0.9,62.3,74.7,-1.39
2394998,2026-06-19,IEM Cologne Major 2026,All,7020,Spirit,20423,zont1x,61,64,0.95,-3,1.05,69.0,76.8,-0.05
2394998,2026-06-19,IEM Cologne Major 2026,All,7020,Spirit,21167,donk,81,73,1.11,8,1.32,87.9,72.7,3.78
2394999,2026-06-19,IEM Cologne Major 2026,All,9565,Vitality,7322,apex,43,49,0.88,-6,0.93,71.6,65.3,-1.26
2394999,2026-06-19,IEM Cologne Major 2026,All,9565,Vitality,11816,ropz,52,42,1.24,10,1.13,80.5,80.6,0.81
2394999,2026-06-19,IEM Cologne Major 2026,All,9565,Vitality,11893,zywoo,54,42,1.29,12,1.16,77.7,75.0,1.88
2394999,2026-06-19,IEM Cologne Major 2026,All,9565,Vitality,16693,flamez,41,54,0.76,-13,0.91,62.9,72.2,-0.6
2394999,2026-06-19,IEM Cologne Major 2026,All,9565,Vitality,18462,mezii,44,48,0.92,-4,0.88,71.5,68.1,-2.59
2394999,2026-06-19,IEM Cologne Major 2026,All,11283,Falcons,429,karrigan,31,55,0.56,-24,0.67,56.8,62.5,-6.01
2394999,2026-06-19,IEM Cologne Major 2026,All,11283,Falcons,3741,niko,45,49,0.92,-4,0.99,63.1,76.4,-0.7
2394999,2026-06-19,IEM Cologne Major 2026,All,11283,Falcons,12018,teses,43,42,1.02,1,1.05,66.6,72.2,0.86
2394999,2026-06-19,IEM Cologne Major 2026,All,11283,Falcons,19230,m0nesy,63,40,1.57,23,1.26,85.0,73.6,1.21
2394999,2026-06-19,IEM Cologne Major 2026,All,11283,Falcons,24177,kyousuke,52,50,1.04,2,1.43,83.7,77.8,6.39
2395000,2026-06-20,IEM Cologne Major 2026,All,8297,FURIA,2023,fallen,14,25,0.56,-11,0.86,59.8,76.9,-2.24
2395000,2026-06-20,IEM Cologne Major 2026,All,8297,FURIA,12553,yuurih,34,19,1.79,15,1.62,90.7,84.6,7.68
2395000,2026-06-20,IEM Cologne Major 2026,All,8297,FURIA,13915,yekindar,32,28,1.14,4,1.3,80.7,66.7,3.98
2395000,2026-06-20,IEM Cologne Major 2026,All,8297,FURIA,15631,kscerato,29,20,1.45,9,1.38,68.7,76.9,4.61
2395000,2026-06-20,IEM Cologne Major 2026,All,8297,FURIA,24144,molodoy,31,18,1.72,13,1.23,87.0,82.1,1.94
2395000,2026-06-20,IEM Cologne Major 2026,All,11861,Aurora,150,maj3r,20,25,0.8,-5,0.83,56.9,69.2,-2.09
2395000,2026-06-20,IEM Cologne Major 2026,All,11861,Aurora,7938,xantares,19,30,0.63,-11,0.72,68.7,71.8,-4.93
2395000,2026-06-20,IEM Cologne Major 2026,All,11861,Aurora,8574,woxic,21,26,0.81,-5,0.82,62.4,59.0,-1.23
2395000,2026-06-20,IEM Cologne Major 2026,All,11861,Aurora,20968,soulfly,22,32,0.69,-10,0.73,59.1,64.1,-4.06
2395000,2026-06-20,IEM Cologne Major 2026,All,11861,Aurora,21243,wicadia,26,28,0.93,-2,0.92,73.2,74.4,-3.67
2395001,2026-06-20,IEM Cologne Major 2026,All,7020,Spirit,16920,sh1ro,69,49,1.41,20,1.24,86.8,75.9,1.25
2395001,2026-06-20,IEM Cologne Major 2026,All,7020,Spirit,18317,magixx,52,53,0.98,-1,1.05,73.1,74.7,-0.03
2395001,2026-06-20,IEM Cologne Major 2026,All,7020,Spirit,19808,tn1r,57,56,1.02,1,1.16,77.7,74.7,1.92
2395001,2026-06-20,IEM Cologne Major 2026,All,7020,Spirit,20423,zont1x,37,54,0.69,-17,0.77,56.2,69.6,-3.12
2395001,2026-06-20,IEM Cologne Major 2026,All,7020,Spirit,21167,donk,55,61,0.9,-6,0.97,71.8,69.6,-1.36
2395001,2026-06-20,IEM Cologne Major 2026,All,11283,Falcons,429,karrigan,34,60,0.57,-26,0.73,58.5,75.9,-3.88
2395001,2026-06-20,IEM Cologne Major 2026,All,11283,Falcons,3741,niko,59,52,1.13,7,1.26,80.3,75.9,3.28
2395001,2026-06-20,IEM Cologne Major 2026,All,11283,Falcons,12018,teses,52,50,1.04,2,1.01,65.3,69.6,-0.5
2395001,2026-06-20,IEM Cologne Major 2026,All,11283,Falcons,19230,m0nesy,68,51,1.33,17,1.16,84.7,75.9,1.28
2395001,2026-06-20,IEM Cologne Major 2026,All,11283,Falcons,24177,kyousuke,60,57,1.05,3,1.18,81.7,75.9,1.17
2395002,2026-06-21,IEM Cologne Major 2026,All,8297,FURIA,2023,fallen,37,44,0.84,-7,0.89,67.3,71.4,-3.35
2395002,2026-06-21,IEM Cologne Major 2026,All,8297,FURIA,12553,yuurih,33,37,0.89,-4,0.85,61.2,69.8,-3.1
2395002,2026-06-21,IEM Cologne Major 2026,All,8297,FURIA,13915,yekindar,35,51,0.69,-16,0.89,72.8,68.3,-2.3
2395002,2026-06-21,IEM Cologne Major 2026,All,8297,FURIA,15631,kscerato,38,42,0.9,-4,0.9,66.1,71.4,-2.99
2395002,2026-06-21,IEM Cologne Major 2026,All,8297,FURIA,24144,molodoy,51,41,1.24,10,1.26,73.5,79.4,2.7
2395002,2026-06-21,IEM Cologne Major 2026,All,11283,Falcons,429,karrigan,29,45,0.64,-16,0.75,59.1,68.3,-3.23
2395002,2026-06-21,IEM Cologne Major 2026,All,11283,Falcons,3741,niko,52,32,1.62,20,1.43,85.5,79.4,5.3
2395002,2026-06-21,IEM Cologne Major 2026,All,11283,Falcons,12018,teses,28,40,0.7,-12,0.81,51.5,69.8,-1.63
2395002,2026-06-21,IEM Cologne Major 2026,All,11283,Falcons,19230,m0nesy,46,35,1.31,11,1.31,73.5,73.0,5.24
2395002,2026-06-21,IEM Cologne Major 2026,All,11283,Falcons,24177,kyousuke,55,43,1.28,12,1.34,93.0,76.2,2.55
2395997,2026-07-23,BLAST Bounty 2026 Season 2,All,10577,SINNERS,11199,beastik,38,43,0.88,-5,0.89,74.0,67.9,-3.09
2395997,2026-07-23,BLAST Bounty 2026 Season 2,All,10577,SINNERS,12810,shock,33,41,0.8,-8,0.78,61.1,60.7,-4.7
2395997,2026-07-23,BLAST Bounty 2026 Season 2,All,10577,SINNERS,21113,modo,36,39,0.92,-3,1.02,66.0,62.5,1.7
2395997,2026-07-23,BLAST Bounty 2026 Season 2,All,10577,SINNERS,23295,kisserek,40,43,0.93,-3,1.25,88.4,76.8,1.72
2395997,2026-07-23,BLAST Bounty 2026 Season 2,All,10577,SINNERS,23459,stressarn,34,43,0.79,-9,0.8,69.3,67.9,-2.86
2395997,2026-07-23,BLAST Bounty 2026 Season 2,All,13286,FUT,19187,xfl0ud,50,36,1.39,14,1.51,98.2,82.1,4.38
2395997,2026-07-23,BLAST Bounty 2026 Season 2,All,13286,FUT,20584,dem0n,42,32,1.31,10,1.16,68.5,73.2,1.22
2395997,2026-07-23,BLAST Bounty 2026 Season 2,All,13286,FUT,22203,krabeni,45,39,1.15,6,1.13,88.6,62.5,1.99
2395997,2026-07-23,BLAST Bounty 2026 Season 2,All,13286,FUT,22674,cmtry,31,35,0.89,-4,0.92,61.9,75.0,-0.7
2395997,2026-07-23,BLAST Bounty 2026 Season 2,All,13286,FUT,23553,dziugss,39,39,1.0,0,1.11,85.1,69.6,0.33
2396002,2026-07-21,BLAST Bounty 2026 Season 2,All,4494,MOUZ,18072,torzsi,43,21,2.05,22,1.48,94.4,72.1,5.1
2396002,2026-07-21,BLAST Bounty 2026 Season 2,All,4494,MOUZ,18221,spinx,24,23,1.04,1,1.09,66.9,81.4,-0.56
2396002,2026-07-21,BLAST Bounty 2026 Season 2,All,4494,MOUZ,20312,xertion,30,26,1.15,4,1.15,82.7,79.1,2.84
2396002,2026-07-21,BLAST Bounty 2026 Season 2,All,4494,MOUZ,22279,pr,34,23,1.48,11,1.3,82.0,93.0,2.28
2396002,2026-07-21,BLAST Bounty 2026 Season 2,All,4494,MOUZ,24457,xelex,24,29,0.83,-5,0.92,58.0,69.8,-0.29
2396002,2026-07-21,BLAST Bounty 2026 Season 2,All,13027,Nuclear TigeRES,22878,senka,21,33,0.64,-12,0.81,57.7,62.8,-2.55
2396002,2026-07-21,BLAST Bounty 2026 Season 2,All,13027,Nuclear TigeRES,22880,m1quse,21,31,0.68,-10,0.83,57.5,60.5,-2.34
2396002,2026-07-21,BLAST Bounty 2026 Season 2,All,13027,Nuclear TigeRES,23762,z1k4,32,30,1.07,2,1.09,76.3,69.8,0.92
2396002,2026-07-21,BLAST Bounty 2026 Season 2,All,13027,Nuclear TigeRES,24568,flouzer,21,32,0.66,-11,0.7,54.9,55.8,-5.19
2396002,2026-07-21,BLAST Bounty 2026 Season 2,All,13027,Nuclear TigeRES,25807,ayuki,25,30,0.83,-5,1.02,59.7,81.4,-0.21
2396004,2026-07-24,BLAST Bounty 2026 Season 2,All,5973,Liquid,8520,naf,22,23,0.96,-1,0.93,52.9,73.3,-1.23
2396004,2026-07-24,BLAST Bounty 2026 Season 2,All,5973,Liquid,8738,elige,42,27,1.56,15,1.52,93.2,75.6,4.4
2396004,2026-07-24,BLAST Bounty 2026 Season 2,All,5973,Liquid,11617,malbsmd,30,32,0.94,-2,1.12,75.9,77.8,0.89
2396004,2026-07-24,BLAST Bounty 2026 Season 2,All,5973,Liquid,11630,jt,27,27,1.0,0,1.04,69.6,73.3,0.13
2396004,2026-07-24,BLAST Bounty 2026 Season 2,All,5973,Liquid,24203,jorko,34,26,1.31,8,1.24,83.6,77.8,2.89
2396004,2026-07-24,BLAST Bounty 2026 Season 2,All,9565,Vitality,7322,apex,22,37,0.59,-15,0.73,57.1,62.2,-3.87
2396004,2026-07-24,BLAST Bounty 2026 Season 2,All,9565,Vitality,11816,ropz,28,29,0.97,-1,0.83,63.1,66.7,-3.41
2396004,2026-07-24,BLAST Bounty 2026 Season 2,All,9565,Vitality,11893,zywoo,26,27,0.96,-1,1.05,66.0,77.8,1.71
2396004,2026-07-24,BLAST Bounty 2026 Season 2,All,9565,Vitality,16693,flamez,40,30,1.33,10,1.29,91.0,73.3,2.14
2396004,2026-07-24,BLAST Bounty 2026 Season 2,All,9565,Vitality,18462,mezii,17,33,0.52,-16,0.63,53.7,66.7,-4.07
2396005,2026-07-22,BLAST Bounty 2026 Season 2,All,8474,100 Thieves,7592,device,40,41,0.98,-1,0.86,68.7,62.3,-1.47
2396005,2026-07-22,BLAST Bounty 2026 Season 2,All,8474,100 Thieves,8183,rain,45,44,1.02,1,1.15,82.9,75.4,0.37
2396005,2026-07-22,BLAST Bounty 2026 Season 2,All,8474,100 Thieves,21816,gizmy,31,45,0.69,-14,0.95,67.7,62.3,2.18
2396005,2026-07-22,BLAST Bounty 2026 Season 2,All,8474,100 Thieves,22695,sirah,34,43,0.79,-9,0.95,57.2,73.8,-0.04
2396005,2026-07-22,BLAST Bounty 2026 Season 2,All,8474,100 Thieves,23397,poiii,42,42,1.0,0,1.03,70.8,67.2,-0.25
2396005,2026-07-22,BLAST Bounty 2026 Season 2,All,11283,Falcons,429,karrigan,43,43,1.0,0,1.03,71.5,62.3,-1.53
2396005,2026-07-22,BLAST Bounty 2026 Season 2,All,11283,Falcons,3741,niko,39,39,1.0,0,0.94,65.4,77.0,-2.71
2396005,2026-07-22,BLAST Bounty 2026 Season 2,All,11283,Falcons,12018,teses,30,37,0.81,-7,0.98,66.7,77.0,-0.08
2396005,2026-07-22,BLAST Bounty 2026 Season 2,All,11283,Falcons,19230,m0nesy,52,37,1.41,15,1.28,86.8,78.7,1.83
2396005,2026-07-22,BLAST Bounty 2026 Season 2,All,11283,Falcons,24177,kyousuke,50,38,1.32,12,1.26,84.4,80.3,1.71
2396006,2026-07-23,BLAST Bounty 2026 Season 2,All,7020,Spirit,16920,sh1ro,67,42,1.6,25,1.24,83.1,75.0,2.36
2396006,2026-07-23,BLAST Bounty 2026 Season 2,All,7020,Spirit,18317,magixx,39,48,0.81,-9,0.82,57.3,68.4,-2.49
2396006,2026-07-23,BLAST Bounty 2026 Season 2,All,7020,Spirit,19808,tn1r,51,50,1.02,1,1.13,74.3,68.4,1.88
2396006,2026-07-23,BLAST Bounty 2026 Season 2,All,7020,Spirit,20423,zont1x,41,46,0.89,-5,0.97,70.9,75.0,-1.52
2396006,2026-07-23,BLAST Bounty 2026 Season 2,All,7020,Spirit,21167,donk,77,50,1.54,27,1.51,103.6,78.9,4.39
2396006,2026-07-23,BLAST Bounty 2026 Season 2,All,10503,OG,7964,cadian,45,52,0.87,-7,0.91,56.5,59.2,0.5
2396006,2026-07-23,BLAST Bounty 2026 Season 2,All,10503,OG,8374,bodyy,44,60,0.73,-16,0.8,76.3,64.5,-3.39
2396006,2026-07-23,BLAST Bounty 2026 Season 2,All,10503,OG,19064,spooke,48,56,0.86,-8,0.86,65.3,56.6,-1.93
2396006,2026-07-23,BLAST Bounty 2026 Season 2,All,10503,OG,20878,adamb,68,56,1.21,12,1.39,95.0,75.0,2.37
2396006,2026-07-23,BLAST Bounty 2026 Season 2,All,10503,OG,21139,pr1metapz,28,57,0.49,-29,0.7,47.2,68.4,-2.37
2396009,2026-07-26,BLAST Bounty 2026 Season 2,All,4914,3DMAX,13138,maka,35,27,1.3,8,1.28,84.5,78.3,2.64
2396009,2026-07-26,BLAST Bounty 2026 Season 2,All,4914,3DMAX,13497,lucky,33,29,1.14,4,1.1,74.6,73.9,1.13
2396009,2026-07-26,BLAST Bounty 2026 Season 2,All,4914,3DMAX,14176,misutaaa,45,30,1.5,15,1.37,91.3,84.8,2.96
2396009,2026-07-26,BLAST Bounty 2026 Season 2,All,4914,3DMAX,20482,kursy,24,33,0.73,-9,0.84,57.7,76.1,-1.23
2396009,2026-07-26,BLAST Bounty 2026 Season 2,All,4914,3DMAX,21969,graviti,30,28,1.07,2,1.11,73.3,76.1,-0.88
2396009,2026-07-26,BLAST Bounty 2026 Season 2,All,13286,FUT,19187,xfl0ud,28,33,0.85,-5,0.85,71.6,80.4,-3.57
2396009,2026-07-26,BLAST Bounty 2026 Season 2,All,13286,FUT,20584,dem0n,25,35,0.71,-10,0.83,64.5,63.0,-2.03
2396009,2026-07-26,BLAST Bounty 2026 Season 2,All,13286,FUT,22203,krabeni,32,37,0.86,-5,1.09,81.2,71.7,0.5
2396009,2026-07-26,BLAST Bounty 2026 Season 2,All,13286,FUT,22674,cmtry,25,32,0.78,-7,0.81,57.6,69.6,-4.12
2396009,2026-07-26,BLAST Bounty 2026 Season 2,All,13286,FUT,23553,dziugss,35,32,1.09,3,1.35,83.7,80.4,4.29
2396011,2026-07-25,BLAST Bounty 2026 Season 2,All,4494,MOUZ,18072,torzsi,36,18,2.0,18,1.49,76.9,86.4,6.06
2396011,2026-07-25,BLAST Bounty 2026 Season 2,All,4494,MOUZ,18221,spinx,33,25,1.32,8,1.19,73.8,86.4,1.05
2396011,2026-07-25,BLAST Bounty 2026 Season 2,All,4494,MOUZ,20312,xertion,32,31,1.03,1,1.22,95.7,77.3,0.21
2396011,2026-07-25,BLAST Bounty 2026 Season 2,All,4494,MOUZ,22279,pr,24,28,0.86,-4,0.93,63.2,68.2,-0.69
2396011,2026-07-25,BLAST Bounty 2026 Season 2,All,4494,MOUZ,24457,xelex,30,20,1.5,10,1.16,64.0,81.8,0.55
2396011,2026-07-25,BLAST Bounty 2026 Season 2,All,13679,FOKUS,16486,ztr,21,33,0.64,-12,0.74,57.6,59.1,-1.8
2396011,2026-07-25,BLAST Bounty 2026 Season 2,All,13679,FOKUS,20625,banjo,30,31,0.97,-1,1.11,79.0,70.5,0.9
2396011,2026-07-25,BLAST Bounty 2026 Season 2,All,13679,FOKUS,21815,podi,22,27,0.81,-5,0.67,51.4,56.8,-3.87
2396011,2026-07-25,BLAST Bounty 2026 Season 2,All,13679,FOKUS,22759,jocab,24,31,0.77,-7,0.89,62.5,65.9,-1.13
2396011,2026-07-25,BLAST Bounty 2026 Season 2,All,13679,FOKUS,24332,matheos,24,33,0.73,-9,0.85,60.0,68.2,-1.3
2396014,2026-07-26,BLAST Bounty 2026 Season 2,All,7020,Spirit,16920,sh1ro,33,31,1.06,2,1.02,61.2,66.7,1.37
2396014,2026-07-26,BLAST Bounty 2026 Season 2,All,7020,Spirit,18317,magixx,28,38,0.74,-10,0.8,54.9,61.1,-2.15
2396014,2026-07-26,BLAST Bounty 2026 Season 2,All,7020,Spirit,19808,tn1r,29,33,0.88,-4,1.04,68.3,72.2,0.73
2396014,2026-07-26,BLAST Bounty 2026 Season 2,All,7020,Spirit,20423,zont1x,24,36,0.67,-12,0.84,58.8,66.7,-1.19
2396014,2026-07-26,BLAST Bounty 2026 Season 2,All,7020,Spirit,21167,donk,59,35,1.69,24,1.61,100.5,72.2,4.83
2396014,2026-07-26,BLAST Bounty 2026 Season 2,All,8474,100 Thieves,7592,device,33,33,1.0,0,0.92,59.4,72.2,0.18
2396014,2026-07-26,BLAST Bounty 2026 Season 2,All,8474,100 Thieves,8183,rain,37,33,1.12,4,1.0,73.3,68.5,-1.36
2396014,2026-07-26,BLAST Bounty 2026 Season 2,All,8474,100 Thieves,21816,gizmy,28,38,0.74,-10,0.79,65.0,63.0,-2.83
2396014,2026-07-26,BLAST Bounty 2026 Season 2,All,8474,100 Thieves,22695,sirah,38,31,1.23,7,1.23,73.4,74.1,2.83
2396014,2026-07-26,BLAST Bounty 2026 Season 2,All,8474,100 Thieves,23397,poiii,35,38,0.92,-3,0.96,76.6,74.1,-2.42
2396017,2026-07-30,BLAST Bounty 2026 Season 2 Finals,All,4494,MOUZ,18072,torzsi,67,44,1.52,23,1.38,80.9,84.8,4.37
2396017,2026-07-30,BLAST Bounty 2026 Season 2 Finals,All,4494,MOUZ,18221,spinx,47,55,0.85,-8,0.91,72.1,79.7,-2.28
2396017,2026-07-30,BLAST Bounty 2026 Season 2 Finals,All,4494,MOUZ,20312,xertion,59,52,1.13,7,1.13,86.2,75.9,0.84
2396017,2026-07-30,BLAST Bounty 2026 Season 2 Finals,All,4494,MOUZ,22279,pr,53,51,1.04,2,1.08,72.5,74.7,0.51
2396017,2026-07-30,BLAST Bounty 2026 Season 2 Finals,All,4494,MOUZ,24457,xelex,51,48,1.06,3,1.07,62.2,77.2,0.02
2396017,2026-07-30,BLAST Bounty 2026 Season 2 Finals,All,4914,3DMAX,13138,maka,49,48,1.02,1,1.11,67.1,79.7,2.45
2396017,2026-07-30,BLAST Bounty 2026 Season 2 Finals,All,4914,3DMAX,13497,lucky,50,57,0.88,-7,1.05,74.7,73.4,0.05
2396017,2026-07-30,BLAST Bounty 2026 Season 2 Finals,All,4914,3DMAX,14176,misutaaa,47,55,0.85,-8,0.94,67.4,69.6,-1.91
2396017,2026-07-30,BLAST Bounty 2026 Season 2 Finals,All,4914,3DMAX,20482,kursy,52,61,0.85,-9,0.91,63.6,69.6,-2.51
2396017,2026-07-30,BLAST Bounty 2026 Season 2 Finals,All,4914,3DMAX,21969,graviti,51,57,0.89,-6,1.02,67.4,73.4,-2.0
2396018,2026-07-30,BLAST Bounty 2026 Season 2 Finals,All,5973,Liquid,8520,naf,15,32,0.47,-17,0.54,58.4,60.5,-8.99
2396018,2026-07-30,BLAST Bounty 2026 Season 2 Finals,All,5973,Liquid,8738,elige,23,32,0.72,-9,1.01,74.8,71.1,-0.05
2396018,2026-07-30,BLAST Bounty 2026 Season 2 Finals,All,5973,Liquid,11617,malbsmd,17,27,0.63,-10,0.83,63.6,60.5,-0.73
2396018,2026-07-30,BLAST Bounty 2026 Season 2 Finals,All,5973,Liquid,11630,jt,18,30,0.6,-12,0.69,56.6,55.3,-5.43
2396018,2026-07-30,BLAST Bounty 2026 Season 2 Finals,All,5973,Liquid,24203,jorko,27,27,1.0,0,1.16,69.0,71.1,4.37
2396018,2026-07-30,BLAST Bounty 2026 Season 2 Finals,All,7020,Spirit,16920,sh1ro,27,21,1.29,6,1.04,77.0,86.8,-1.13
2396018,2026-07-30,BLAST Bounty 2026 Season 2 Finals,All,7020,Spirit,18317,magixx,27,22,1.23,5,1.03,75.5,68.4,-0.52
2396018,2026-07-30,BLAST Bounty 2026 Season 2 Finals,All,7020,Spirit,19808,tn1r,29,15,1.93,14,1.4,70.6,92.1,4.17
2396018,2026-07-30,BLAST Bounty 2026 Season 2 Finals,All,7020,Spirit,20423,zont1x,21,22,0.95,-1,1.14,70.4,86.8,1.29
2396018,2026-07-30,BLAST Bounty 2026 Season 2 Finals,All,7020,Spirit,21167,donk,42,20,2.1,22,1.76,107.4,86.8,7.03
2396019,2026-08-01,BLAST Bounty 2026 Season 2 Finals,All,4494,MOUZ,18072,torzsi,54,33,1.64,21,1.29,82.9,79.4,2.81
2396019,2026-08-01,BLAST Bounty 2026 Season 2 Finals,All,4494,MOUZ,18221,spinx,42,31,1.35,11,1.18,76.1,82.5,2.25
2396019,2026-08-01,BLAST Bounty 2026 Season 2 Finals,All,4494,MOUZ,20312,xertion,36,42,0.86,-6,0.87,66.2,69.8,-2.62
2396019,2026-08-01,BLAST Bounty 2026 Season 2 Finals,All,4494,MOUZ,22279,pr,38,39,0.97,-1,0.92,61.4,77.8,-1.09
2396019,2026-08-01,BLAST Bounty 2026 Season 2 Finals,All,4494,MOUZ,24457,xelex,46,39,1.18,7,1.06,78.9,73.0,-1.62
2396019,2026-08-01,BLAST Bounty 2026 Season 2 Finals,All,6665,Astralis,10096,hooxi,29,45,0.64,-16,0.81,56.5,61.9,-1.28
2396019,2026-08-01,BLAST Bounty 2026 Season 2 Finals,All,6665,Astralis,16726,phzy,37,39,0.95,-2,1.06,63.1,71.4,1.65
2396019,2026-08-01,BLAST Bounty 2026 Season 2 Finals,All,6665,Astralis,17956,jabbi,49,44,1.11,5,1.2,67.8,65.1,3.01
2396019,2026-08-01,BLAST Bounty 2026 Season 2 Finals,All,6665,Astralis,20304,staehr,34,45,0.76,-11,1.0,71.4,74.6,0.05
2396019,2026-08-01,BLAST Bounty 2026 Season 2 Finals,All,6665,Astralis,21217,ryu,32,43,0.74,-11,0.83,66.4,66.7,-3.28
2396020,2026-08-01,BLAST Bounty 2026 Season 2 Finals,All,6667,FaZe,9960,frozen,40,40,1.0,0,0.99,69.8,72.3,-1.68
2396020,2026-08-01,BLAST Bounty 2026 Season 2 Finals,All,6667,FaZe,10394,twistzz,43,45,0.96,-2,1.1,72.6,76.9,2.07
2396020,2026-08-01,BLAST Bounty 2026 Season 2 Finals,All,6667,FaZe,21972,neityu,43,45,0.96,-2,0.97,71.9,63.1,-0.51
2396020,2026-08-01,BLAST Bounty 2026 Season 2 Finals,All,6667,FaZe,22383,jcobbb,38,43,0.88,-5,0.97,60.9,66.2,-0.53
2396020,2026-08-01,BLAST Bounty 2026 Season 2 Finals,All,6667,FaZe,22866,jboen,34,43,0.79,-9,0.83,68.1,61.5,-2.1
2396020,2026-08-01,BLAST Bounty 2026 Season 2 Finals,All,7020,Spirit,16920,sh1ro,49,31,1.58,18,1.24,75.6,78.5,3.0
2396020,2026-08-01,BLAST Bounty 2026 Season 2 Finals,All,7020,Spirit,18317,magixx,45,41,1.1,4,1.06,72.0,70.8,0.79
2396020,2026-08-01,BLAST Bounty 2026 Season 2 Finals,All,7020,Spirit,19808,tn1r,45,41,1.1,4,0.94,75.1,67.7,-2.2
2396020,2026-08-01,BLAST Bounty 2026 Season 2 Finals,All,7020,Spirit,20423,zont1x,38,38,1.0,0,1.05,68.0,75.4,0.9
2396020,2026-08-01,BLAST Bounty 2026 Season 2 Finals,All,7020,Spirit,21167,donk,39,47,0.83,-8,0.94,64.6,73.8,0.28
2396021,2026-08-02,BLAST Bounty 2026 Season 2 Finals,All,4494,MOUZ,18072,torzsi,63,42,1.5,21,1.05,65.5,79.5,0.06
2396021,2026-08-02,BLAST Bounty 2026 Season 2 Finals,All,4494,MOUZ,18221,spinx,78,38,2.05,40,1.54,89.3,81.9,4.97
2396021,2026-08-02,BLAST Bounty 2026 Season 2 Finals,All,4494,MOUZ,20312,xertion,51,57,0.89,-6,0.98,72.8,79.5,-0.88
2396021,2026-08-02,BLAST Bounty 2026 Season 2 Finals,All,4494,MOUZ,22279,pr,57,53,1.08,4,1.1,84.0,81.9,0.37
2396021,2026-08-02,BLAST Bounty 2026 Season 2 Finals,All,4494,MOUZ,24457,xelex,62,53,1.17,9,1.08,78.0,75.9,-1.19
2396021,2026-08-02,BLAST Bounty 2026 Season 2 Finals,All,7020,Spirit,16920,sh1ro,49,59,0.83,-10,0.9,63.6,66.3,-0.15
2396021,2026-08-02,BLAST Bounty 2026 Season 2 Finals,All,7020,Spirit,18317,magixx,40,57,0.7,-17,0.91,62.0,57.8,-0.53
2396021,2026-08-02,BLAST Bounty 2026 Season 2 Finals,All,7020,Spirit,19808,tn1r,44,62,0.71,-18,0.83,53.0,65.1,-1.72
2396021,2026-08-02,BLAST Bounty 2026 Season 2 Finals,All,7020,Spirit,20423,zont1x,50,70,0.71,-20,0.85,75.4,61.4,-1.85
2396021,2026-08-02,BLAST Bounty 2026 Season 2 Finals,All,7020,Spirit,21167,donk,58,65,0.89,-7,1.07,81.4,62.7,0.91
2396559,2026-08-12,Esports World Cup 2026,All,7020,Spirit,16920,sh1ro,8,15,0.53,-7,0.52,52.3,52.2,-6.55
2396559,2026-08-12,Esports World Cup 2026,All,7020,Spirit,18317,magixx,13,15,0.87,-2,1.18,71.5,78.3,1.69
2396559,2026-08-12,Esports World Cup 2026,All,7020,Spirit,19808,tn1r,13,16,0.81,-3,0.78,60.7,60.9,-4.05
2396559,2026-08-12,Esports World Cup 2026,All,7020,Spirit,20423,zont1x,10,17,0.59,-7,0.75,53.8,56.5,-2.34
2396559,2026-08-12,Esports World Cup 2026,All,7020,Spirit,21167,donk,23,16,1.44,7,1.58,93.2,69.6,4.94
2396559,2026-08-12,Esports World Cup 2026,All,10245,JiJieHao,17675,m1n1,17,12,1.42,5,1.21,69.6,65.2,5.13
2396559,2026-08-12,Esports World Cup 2026,All,10245,JiJieHao,18120,sinnopsyy,17,14,1.21,3,1.29,95.4,82.6,2.0
2396559,2026-08-12,Esports World Cup 2026,All,10245,JiJieHao,18163,bibu,16,15,1.07,1,1.04,84.6,65.2,0.05
2396559,2026-08-12,Esports World Cup 2026,All,10245,JiJieHao,18790,cacanito,14,13,1.08,1,1.09,64.7,73.9,-0.94
2396559,2026-08-12,Esports World Cup 2026,All,10245,JiJieHao,22419,0samas,14,13,1.08,1,1.0,63.9,69.6,-1.24
2396563,2026-08-12,Esports World Cup 2026,All,11283,Falcons,429,karrigan,11,15,0.73,-4,0.94,78.6,63.2,-0.99
2396563,2026-08-12,Esports World Cup 2026,All,11283,Falcons,3741,niko,13,11,1.18,2,1.09,69.4,73.7,-1.18
2396563,2026-08-12,Esports World Cup 2026,All,11283,Falcons,12018,teses,7,11,0.64,-4,0.87,39.2,78.9,-0.13
2396563,2026-08-12,Esports World Cup 2026,All,11283,Falcons,19230,m0nesy,22,8,2.75,14,1.97,110.2,73.7,10.34
2396563,2026-08-12,Esports World Cup 2026,All,11283,Falcons,24177,kyousuke,15,10,1.5,5,1.59,89.3,78.9,6.07
2396563,2026-08-12,Esports World Cup 2026,All,12895,K27,12004,clax,9,14,0.64,-5,0.91,66.2,57.9,1.03
2396563,2026-08-12,Esports World Cup 2026,All,12895,K27,19575,x5g7v,9,16,0.56,-7,0.55,63.9,57.9,-6.3
2396563,2026-08-12,Esports World Cup 2026,All,12895,K27,22886,xeedo,12,15,0.8,-3,1.04,89.6,68.4,-2.33
2396563,2026-08-12,Esports World Cup 2026,All,12895,K27,23686,kashl1d,10,11,0.91,-1,0.76,44.9,63.2,-5.06
2396563,2026-08-12,Esports World Cup 2026,All,12895,K27,24725,qw1nk1,15,12,1.25,3,1.14,73.4,63.2,-1.45
2396567,2026-08-12,Esports World Cup 2026,All,8474,100 Thieves,7592,device,10,14,0.71,-4,1.01,71.4,64.7,1.46
2396567,2026-08-12,Esports World Cup 2026,All,8474,100 Thieves,8183,rain,10,15,0.67,-5,0.94,67.0,64.7,-1.44
2396567,2026-08-12,Esports World Cup 2026,All,8474,100 Thieves,21816,gizmy,5,14,0.36,-9,0.54,36.2,35.3,-7.5
2396567,2026-08-12,Esports World Cup 2026,All,8474,100 Thieves,22695,sirah,8,14,0.57,-6,0.62,43.5,70.6,-6.48
2396567,2026-08-12,Esports World Cup 2026,All,8474,100 Thieves,23397,poiii,9,16,0.56,-7,0.8,71.9,70.6,-3.8
2396567,2026-08-12,Esports World Cup 2026,All,9565,Vitality,7322,apex,18,9,2.0,9,1.99,122.9,94.1,9.66
2396567,2026-08-12,Esports World Cup 2026,All,9565,Vitality,11816,ropz,13,8,1.62,5,1.31,70.2,82.4,4.25
2396567,2026-08-12,Esports World Cup 2026,All,9565,Vitality,11893,zywoo,15,7,2.14,8,1.28,93.3,82.4,1.56
2396567,2026-08-12,Esports World Cup 2026,All,9565,Vitality,16693,flamez,17,11,1.55,6,1.51,92.4,88.2,4.76
2396567,2026-08-12,Esports World Cup 2026,All,9565,Vitality,18462,mezii,10,8,1.25,2,1.04,67.1,88.2,-2.47
2396569,2026-08-12,Esports World Cup 2026,All,4863,TYLOO,19645,jamyoung,17,17,1.0,0,1.14,76.0,69.6,2.58
2396569,2026-08-12,Esports World Cup 2026,All,4863,TYLOO,20702,jee,13,16,0.81,-3,0.75,53.7,60.9,-1.63
2396569,2026-08-12,Esports World Cup 2026,All,4863,TYLOO,20895,mercury,16,19,0.84,-3,0.94,83.4,69.6,-4.28
2396569,2026-08-12,Esports World Cup 2026,All,4863,TYLOO,21621,moseyuh,14,18,0.78,-4,0.86,70.8,82.6,-3.49
2396569,2026-08-12,Esports World Cup 2026,All,4863,TYLOO,24857,zero,17,17,1.0,0,1.1,79.8,78.3,0.39
2396569,2026-08-12,Esports World Cup 2026,All,13286,FUT,19187,xfl0ud,17,16,1.06,1,1.2,96.1,82.6,0.88
2396569,2026-08-12,Esports World Cup 2026,All,13286,FUT,20584,dem0n,16,16,1.0,0,1.13,76.0,69.6,0.26
2396569,2026-08-12,Esports World Cup 2026,All,13286,FUT,22203,krabeni,17,19,0.89,-2,1.05,78.9,82.6,0.07
2396569,2026-08-12,Esports World Cup 2026,All,13286,FUT,22674,cmtry,17,12,1.42,5,1.3,61.0,69.6,3.29
2396569,2026-08-12,Esports World Cup 2026,All,13286,FUT,23553,dziugss,20,14,1.43,6,1.34,80.5,73.9,1.91
2396570,2026-08-12,Esports World Cup 2026,All,4494,MOUZ,18072,torzsi,15,12,1.25,3,1.42,75.2,76.2,7.91
2396570,2026-08-12,Esports World Cup 2026,All,4494,MOUZ,18221,spinx,10,12,0.83,-2,0.84,53.3,66.7,-0.48
2396570,2026-08-12,Esports World Cup 2026,All,4494,MOUZ,20312,xertion,13,15,0.87,-2,1.0,77.9,61.9,1.19
2396570,2026-08-12,Esports World Cup 2026,All,4494,MOUZ,22279,pr,12,12,1.0,0,0.86,65.5,71.4,-3.58
2396570,2026-08-12,Esports World Cup 2026,All,4494,MOUZ,24457,xelex,20,14,1.43,6,1.58,83.1,71.4,5.8
2396570,2026-08-12,Esports World Cup 2026,All,8840,Lynn Vision,16551,westmelon,12,15,0.8,-3,0.75,66.1,61.9,-3.59
2396570,2026-08-12,Esports World Cup 2026,All,8840,Lynn Vision,18744,z4kr,11,13,0.85,-2,0.77,63.6,61.9,-5.43
2396570,2026-08-12,Esports World Cup 2026,All,8840,Lynn Vision,20254,starry,12,15,0.8,-3,0.82,49.0,71.4,-1.45
2396570,2026-08-12,Esports World Cup 2026,All,8840,Lynn Vision,22922,emiliaqaq,14,14,1.0,0,1.14,60.9,71.4,-0.43
2396570,2026-08-12,Esports World Cup 2026,All,8840,Lynn Vision,23100,c4llm3su3,16,13,1.23,3,1.33,93.0,71.4,0.06
2396574,2026-08-12,Esports World Cup 2026,All,8297,FURIA,2023,fallen,10,15,0.67,-5,0.83,59.7,73.9,-4.5
2396574,2026-08-12,Esports World Cup 2026,All,8297,FURIA,12553,yuurih,17,12,1.42,5,1.19,72.7,73.9,2.63
2396574,2026-08-12,Esports World Cup 2026,All,8297,FURIA,13915,yekindar,14,14,1.0,0,1.18,77.4,78.3,2.6
2396574,2026-08-12,Esports World Cup 2026,All,8297,FURIA,15631,kscerato,17,11,1.55,6,1.33,78.0,73.9,4.47
2396574,2026-08-12,Esports World Cup 2026,All,8297,FURIA,24144,molodoy,19,13,1.46,6,1.12,75.1,78.3,-0.77
2396574,2026-08-12,Esports World Cup 2026,All,12257,Wildcard,8311,nemanha,14,17,0.82,-3,0.82,68.6,52.2,-3.05
2396574,2026-08-12,Esports World Cup 2026,All,12257,Wildcard,16847,mhl,12,14,0.86,-2,0.85,65.3,56.5,-1.11
2396574,2026-08-12,Esports World Cup 2026,All,12257,Wildcard,17353,cxzi,14,18,0.78,-4,0.99,70.3,56.5,2.46
2396574,2026-08-12,Esports World Cup 2026,All,12257,Wildcard,17378,reck,14,14,1.0,0,0.97,66.8,60.9,-0.45
2396574,2026-08-12,Esports World Cup 2026,All,12257,Wildcard,18838,hext,11,15,0.73,-4,0.8,56.7,52.2,-2.99
2396577,2026-08-13,Esports World Cup 2026,All,6290,Luminosity,17145,rainwaker,23,34,0.68,-11,0.7,54.5,60.0,-4.65
2396577,2026-08-13,Esports World Cup 2026,All,6290,Luminosity,19015,bymas,22,37,0.59,-15,0.82,61.0,62.0,-0.59
2396577,2026-08-13,Esports World Cup 2026,All,6290,Luminosity,19926,afro,27,37,0.73,-10,0.75,57.4,62.0,-1.82
2396577,2026-08-13,Esports World Cup 2026,All,6290,Luminosity,20563,lux,25,41,0.61,-16,0.82,61.5,56.0,-0.99
2396577,2026-08-13,Esports World Cup 2026,All,6290,Luminosity,22106,azuwu,33,37,0.89,-4,0.99,70.3,70.0,-1.56
2396577,2026-08-13,Esports World Cup 2026,All,7020,Spirit,16920,sh1ro,37,23,1.61,14,1.31,80.2,88.0,4.02
2396577,2026-08-13,Esports World Cup 2026,All,7020,Spirit,18317,magixx,26,26,1.0,0,1.18,73.5,84.0,1.44
2396577,2026-08-13,Esports World Cup 2026,All,7020,Spirit,19808,tn1r,37,29,1.28,8,1.06,75.5,80.0,-1.63
2396577,2026-08-13,Esports World Cup 2026,All,7020,Spirit,20423,zont1x,33,23,1.43,10,1.06,68.6,76.0,-0.75
2396577,2026-08-13,Esports World Cup 2026,All,7020,Spirit,21167,donk,47,29,1.62,18,1.6,92.8,84.0,6.18
2396579,2026-08-13,Esports World Cup 2026,All,6665,Astralis,10096,hooxi,19,32,0.59,-13,0.66,54.8,68.2,-3.86
2396579,2026-08-13,Esports World Cup 2026,All,6665,Astralis,16726,phzy,25,30,0.83,-5,0.9,59.5,61.4,-2.39
2396579,2026-08-13,Esports World Cup 2026,All,6665,Astralis,17956,jabbi,31,33,0.94,-2,1.02,71.1,75.0,-0.43
2396579,2026-08-13,Esports World Cup 2026,All,6665,Astralis,20304,staehr,31,32,0.97,-1,1.03,77.2,65.9,-0.32
2396579,2026-08-13,Esports World Cup 2026,All,6665,Astralis,21217,ryu,28,30,0.93,-2,1.0,66.2,70.5,0.16
2396579,2026-08-13,Esports World Cup 2026,All,11283,Falcons,429,karrigan,15,32,0.47,-17,0.67,51.3,75.0,-4.81
2396579,2026-08-13,Esports World Cup 2026,All,11283,Falcons,3741,niko,41,27,1.52,14,1.52,104.4,81.8,4.16
2396579,2026-08-13,Esports World Cup 2026,All,11283,Falcons,12018,teses,26,26,1.0,0,0.98,58.6,68.2,0.95
2396579,2026-08-13,Esports World Cup 2026,All,11283,Falcons,19230,m0nesy,37,21,1.76,16,1.47,79.5,90.9,4.65
2396579,2026-08-13,Esports World Cup 2026,All,11283,Falcons,24177,kyousuke,36,28,1.29,8,1.2,84.1,75.0,0.86
2396583,2026-08-14,Esports World Cup 2026,All,9565,Vitality,7322,apex,32,53,0.6,-21,0.74,55.8,63.8,-3.61
2396583,2026-08-14,Esports World Cup 2026,All,9565,Vitality,11816,ropz,51,43,1.19,8,1.02,74.3,69.6,-0.4
2396583,2026-08-14,Esports World Cup 2026,All,9565,Vitality,11893,zywoo,49,46,1.07,3,1.17,79.2,75.4,1.75
2396583,2026-08-14,Esports World Cup 2026,All,9565,Vitality,16693,flamez,49,49,1.0,0,1.15,74.9,76.8,1.03
2396583,2026-08-14,Esports World Cup 2026,All,9565,Vitality,18462,mezii,34,43,0.79,-9,0.85,54.2,66.7,-2.34
2396583,2026-08-14,Esports World Cup 2026,All,11241,B8,20112,alex666,41,47,0.87,-6,1.01,67.2,71.0,1.0
2396583,2026-08-14,Esports World Cup 2026,All,11241,B8,21708,npl,56,40,1.4,16,1.25,85.6,81.2,1.76
2396583,2026-08-14,Esports World Cup 2026,All,11241,B8,22842,kensizor,34,45,0.76,-11,0.78,58.6,71.0,-2.72
2396583,2026-08-14,Esports World Cup 2026,All,11241,B8,23643,esenthial,49,43,1.14,6,1.08,77.4,78.3,0.06
2396583,2026-08-14,Esports World Cup 2026,All,11241,B8,25619,s1zzi,54,41,1.32,13,1.19,80.6,71.0,3.47
2396584,2026-08-14,Esports World Cup 2026,All,4494,MOUZ,18072,torzsi,51,45,1.13,6,1.03,73.0,74.6,0.65
2396584,2026-08-14,Esports World Cup 2026,All,4494,MOUZ,18221,spinx,46,49,0.94,-3,0.98,74.4,76.1,-1.43
2396584,2026-08-14,Esports World Cup 2026,All,4494,MOUZ,20312,xertion,52,52,1.0,0,1.13,78.9,73.2,1.94
2396584,2026-08-14,Esports World Cup 2026,All,4494,MOUZ,22279,pr,51,53,0.96,-2,1.0,81.2,70.4,-0.99
2396584,2026-08-14,Esports World Cup 2026,All,4494,MOUZ,24457,xelex,36,49,0.73,-13,0.75,56.3,66.2,-2.74
2396584,2026-08-14,Esports World Cup 2026,All,13286,FUT,19187,xfl0ud,59,51,1.16,8,1.5,96.2,87.3,4.67
2396584,2026-08-14,Esports World Cup 2026,All,13286,FUT,20584,dem0n,47,48,0.98,-1,1.03,66.8,74.6,-0.68
2396584,2026-08-14,Esports World Cup 2026,All,13286,FUT,22203,krabeni,47,52,0.9,-5,0.87,70.6,64.8,-3.23
2396584,2026-08-14,Esports World Cup 2026,All,13286,FUT,22674,cmtry,45,45,1.0,0,1.0,67.8,73.2,-0.24
2396584,2026-08-14,Esports World Cup 2026,All,13286,FUT,23553,dziugss,50,42,1.19,8,1.23,80.1,71.8,1.72
2396588,2026-08-15,Esports World Cup 2026,All,8297,FURIA,2023,fallen,41,46,0.89,-5,0.86,64.5,70.1,-3.01
2396588,2026-08-15,Esports World Cup 2026,All,8297,FURIA,12553,yuurih,46,40,1.15,6,1.08,71.7,79.1,1.33
2396588,2026-08-15,Esports World Cup 2026,All,8297,FURIA,13915,yekindar,38,41,0.93,-3,1.02,69.9,76.1,0.49
2396588,2026-08-15,Esports World Cup 2026,All,8297,FURIA,15631,kscerato,65,41,1.59,24,1.47,93.7,82.1,3.43
2396588,2026-08-15,Esports World Cup 2026,All,8297,FURIA,24144,molodoy,48,35,1.37,13,1.07,78.6,73.1,0.97
2396588,2026-08-15,Esports World Cup 2026,All,9996,9z,12092,max,33,47,0.7,-14,0.81,55.9,65.7,-2.28
2396588,2026-08-15,Esports World Cup 2026,All,9996,9z,14736,dgt,37,48,0.77,-11,0.89,66.1,62.7,-1.78
2396588,2026-08-15,Esports World Cup 2026,All,9996,9z,14737,meyern,39,44,0.89,-5,0.97,62.6,68.7,-0.14
2396588,2026-08-15,Esports World Cup 2026,All,9996,9z,20394,luchov,41,51,0.8,-10,0.97,60.9,74.6,-1.23
2396588,2026-08-15,Esports World Cup 2026,All,9996,9z,22613,huasopeek,53,48,1.1,5,1.3,88.0,77.6,2.21
2396591,2026-08-15,Esports World Cup 2026,All,7020,Spirit,16920,sh1ro,47,41,1.15,6,1.21,83.8,75.4,2.63
2396591,2026-08-15,Esports World Cup 2026,All,7020,Spirit,18317,magixx,34,41,0.83,-7,0.91,59.7,64.6,-0.49
2396591,2026-08-15,Esports World Cup 2026,All,7020,Spirit,19808,tn1r,32,43,0.74,-11,0.77,52.8,61.5,-2.73
2396591,2026-08-15,Esports World Cup 2026,All,7020,Spirit,20423,zont1x,36,38,0.95,-2,1.01,69.2,75.4,0.9
2396591,2026-08-15,Esports World Cup 2026,All,7020,Spirit,21167,donk,65,45,1.44,20,1.41,91.5,72.3,2.86
2396591,2026-08-15,Esports World Cup 2026,All,7532,BIG,5794,tabsen,48,46,1.04,2,1.14,73.9,67.7,2.53
2396591,2026-08-15,Esports World Cup 2026,All,7532,BIG,14929,jdc,36,47,0.77,-11,0.8,59.4,64.6,-2.39
2396591,2026-08-15,Esports World Cup 2026,All,7532,BIG,14932,faven,30,44,0.68,-14,0.78,54.0,69.2,-3.23
2396591,2026-08-15,Esports World Cup 2026,All,7532,BIG,15165,blamef,50,38,1.32,12,1.23,96.2,80.0,-0.01
2396591,2026-08-15,Esports World Cup 2026,All,7532,BIG,22884,gr1ks,44,40,1.1,4,1.03,68.9,75.4,-0.07
2396595,2026-08-16,Esports World Cup 2026,All,4494,MOUZ,18072,torzsi,26,16,1.62,10,1.4,69.0,80.0,7.64
2396595,2026-08-16,Esports World Cup 2026,All,4494,MOUZ,18221,spinx,34,23,1.48,11,1.51,93.8,80.0,5.62
2396595,2026-08-16,Esports World Cup 2026,All,4494,MOUZ,20312,xertion,36,25,1.44,11,1.42,99.3,72.5,2.78
2396595,2026-08-16,Esports World Cup 2026,All,4494,MOUZ,22279,pr,22,24,0.92,-2,0.94,62.8,82.5,-2.47
2396595,2026-08-16,Esports World Cup 2026,All,4494,MOUZ,24457,xelex,24,22,1.09,2,0.94,59.5,65.0,-1.58
2396595,2026-08-16,Esports World Cup 2026,All,12467,PARIVISION,12732,fl1t,27,30,0.9,-3,1.03,80.3,67.5,-1.14
2396595,2026-08-16,Esports World Cup 2026,All,12467,PARIVISION,13776,jame,29,25,1.16,4,1.05,72.4,67.5,0.42
2396595,2026-08-16,Esports World Cup 2026,All,12467,PARIVISION,22471,xielo,13,31,0.42,-18,0.58,45.1,62.5,-4.53
2396595,2026-08-16,Esports World Cup 2026,All,12467,PARIVISION,23685,zweih,23,27,0.85,-4,0.94,65.3,72.5,-3.29
2396595,2026-08-16,Esports World Cup 2026,All,12467,PARIVISION,24807,slaxejezzz,18,30,0.6,-12,0.73,51.3,62.5,-3.46
2396596,2026-08-16,Esports World Cup 2026,All,8840,Lynn Vision,16551,westmelon,13,27,0.48,-14,0.65,53.6,45.5,-5.0
2396596,2026-08-16,Esports World Cup 2026,All,8840,Lynn Vision,18744,z4kr,17,31,0.55,-14,0.64,63.7,54.5,-2.84
2396596,2026-08-16,Esports World Cup 2026,All,8840,Lynn Vision,20254,starry,15,26,0.58,-11,0.58,57.8,42.4,-7.08
2396596,2026-08-16,Esports World Cup 2026,All,8840,Lynn Vision,22922,emiliaqaq,15,26,0.58,-11,0.67,42.8,45.5,-3.36
2396596,2026-08-16,Esports World Cup 2026,All,8840,Lynn Vision,23100,c4llm3su3,15,31,0.48,-16,0.61,54.9,51.5,-5.37
2396596,2026-08-16,Esports World Cup 2026,All,9565,Vitality,7322,apex,20,18,1.11,2,1.01,74.2,72.7,-1.19
2396596,2026-08-16,Esports World Cup 2026,All,9565,Vitality,11816,ropz,26,13,2.0,13,1.46,79.3,84.8,3.83
2396596,2026-08-16,Esports World Cup 2026,All,9565,Vitality,11893,zywoo,40,17,2.35,23,2.17,140.0,90.9,9.94
2396596,2026-08-16,Esports World Cup 2026,All,9565,Vitality,16693,flamez,26,14,1.86,12,1.46,74.2,84.8,4.46
2396596,2026-08-16,Esports World Cup 2026,All,9565,Vitality,18462,mezii,28,13,2.15,15,1.47,75.1,87.9,4.93
2396600,2026-08-19,Esports World Cup 2026,All,8297,FURIA,2023,fallen,54,49,1.1,5,1.13,73.3,71.1,0.92
2396600,2026-08-19,Esports World Cup 2026,All,8297,FURIA,12553,yuurih,48,47,1.02,1,1.07,72.9,80.3,-1.08
2396600,2026-08-19,Esports World Cup 2026,All,8297,FURIA,13915,yekindar,36,60,0.6,-24,0.82,66.2,75.0,-2.59
2396600,2026-08-19,Esports World Cup 2026,All,8297,FURIA,15631,kscerato,64,50,1.28,14,1.26,88.1,76.3,1.26
2396600,2026-08-19,Esports World Cup 2026,All,8297,FURIA,24144,molodoy,64,45,1.42,19,1.25,82.2,69.7,3.45
2396600,2026-08-19,Esports World Cup 2026,All,11861,Aurora,7938,xantares,56,56,1.0,0,1.09,78.5,71.1,1.55
2396600,2026-08-19,Esports World Cup 2026,All,11861,Aurora,8574,woxic,62,51,1.22,11,1.07,79.8,67.1,-0.34
2396600,2026-08-19,Esports World Cup 2026,All,11861,Aurora,18850,jimpphat,35,53,0.66,-18,0.76,64.3,75.0,-3.32
2396600,2026-08-19,Esports World Cup 2026,All,11861,Aurora,19677,kyxsan,35,56,0.62,-21,0.81,54.8,71.1,-2.0
2396600,2026-08-19,Esports World Cup 2026,All,11861,Aurora,21243,wicadia,61,51,1.2,10,1.23,83.0,73.7,1.91
2396601,2026-08-19,Esports World Cup 2026,All,13286,FUT,19187,xfl0ud,33,41,0.8,-8,0.94,64.4,82.5,-0.97
2396601,2026-08-19,Esports World Cup 2026,All,13286,FUT,20584,dem0n,57,42,1.36,15,1.35,81.9,81.0,2.52
2396601,2026-08-19,Esports World Cup 2026,All,13286,FUT,22203,krabeni,52,48,1.08,4,1.16,97.3,82.5,0.9
2396601,2026-08-19,Esports World Cup 2026,All,13286,FUT,22674,cmtry,44,35,1.26,9,1.01,65.1,71.4,0.57
2396601,2026-08-19,Esports World Cup 2026,All,13286,FUT,23553,dziugss,47,42,1.12,5,1.24,82.3,79.4,2.2
2396601,2026-08-19,Esports World Cup 2026,All,13592,magic,19874,masval,41,50,0.82,-9,1.0,80.0,71.4,-1.37
2396601,2026-08-19,Esports World Cup 2026,All,13592,magic,22075,sfade8,49,45,1.09,4,1.1,76.6,66.7,0.7
2396601,2026-08-19,Esports World Cup 2026,All,13592,magic,22076,aw,25,49,0.51,-24,0.62,51.3,66.7,-5.62
2396601,2026-08-19,Esports World Cup 2026,All,13592,magic,23858,mo0n,45,45,1.0,0,0.96,72.4,73.0,-1.01
2396601,2026-08-19,Esports World Cup 2026,All,13592,magic,24173,tenzy,48,45,1.07,3,1.18,83.2,60.3,2.07
2396602,2026-08-19,Esports World Cup 2026,All,4494,MOUZ,18072,torzsi,63,50,1.26,13,1.15,63.4,71.9,3.2
2396602,2026-08-19,Esports World Cup 2026,All,4494,MOUZ,18221,spinx,62,53,1.17,9,1.13,82.3,75.3,0.74
2396602,2026-08-19,Esports World Cup 2026,All,4494,MOUZ,20312,xertion,69,60,1.15,9,1.14,79.1,73.0,1.26
2396602,2026-08-19,Esports World Cup 2026,All,4494,MOUZ,22279,pr,52,56,0.93,-4,0.95,70.2,71.9,-2.23
2396602,2026-08-19,Esports World Cup 2026,All,4494,MOUZ,24457,xelex,51,62,0.82,-11,0.88,62.1,65.2,-2.19
2396602,2026-08-19,Esports World Cup 2026,All,9928,GamerLegion,2553,snax,51,63,0.81,-12,0.97,67.3,67.4,0.54
2396602,2026-08-19,Esports World Cup 2026,All,9928,GamerLegion,9278,rez,58,60,0.97,-2,0.93,70.7,62.9,-2.6
2396602,2026-08-19,Esports World Cup 2026,All,9928,GamerLegion,20301,tauson,59,59,1.0,0,1.07,76.9,70.8,0.18
2396602,2026-08-19,Esports World Cup 2026,All,9928,GamerLegion,20994,fl4mus,60,68,0.88,-8,1.0,77.9,68.5,-0.48
2396602,2026-08-19,Esports World Cup 2026,All,9928,GamerLegion,23766,hypex,52,48,1.08,4,1.0,53.9,68.5,1.6
2396604,2026-08-20,Esports World Cup 2026,All,6248,The MongolZ,20194,blitz,21,34,0.62,-13,0.67,67.7,57.9,-4.85
2396604,2026-08-20,Esports World Cup 2026,All,6248,The MongolZ,20275,techno,20,26,0.77,-6,0.75,53.2,57.9,-3.7
2396604,2026-08-20,Esports World Cup 2026,All,6248,The MongolZ,21809,910,27,30,0.9,-3,1.02,74.8,60.5,-0.17
2396604,2026-08-20,Esports World Cup 2026,All,6248,The MongolZ,25510,tikuak,19,29,0.66,-10,0.88,57.1,65.8,-0.87
2396604,2026-08-20,Esports World Cup 2026,All,6248,The MongolZ,26013,darkmeister,19,33,0.58,-14,0.59,58.1,52.6,-6.12
2396604,2026-08-20,Esports World Cup 2026,All,11283,Falcons,429,karrigan,26,26,1.0,0,1.15,82.8,86.8,-1.57
2396604,2026-08-20,Esports World Cup 2026,All,11283,Falcons,3741,niko,28,22,1.27,6,1.18,75.9,78.9,1.22
2396604,2026-08-20,Esports World Cup 2026,All,11283,Falcons,12018,teses,16,19,0.84,-3,0.96,50.8,78.9,-0.55
2396604,2026-08-20,Esports World Cup 2026,All,11283,Falcons,19230,m0nesy,37,17,2.18,20,1.72,90.8,84.2,9.66
2396604,2026-08-20,Esports World Cup 2026,All,11283,Falcons,24177,kyousuke,44,22,2.0,22,1.78,113.8,81.6,6.95
2396605,2026-08-20,Esports World Cup 2026,All,6667,FaZe,9960,frozen,34,34,1.0,0,1.12,81.0,69.8,0.83
2396605,2026-08-20,Esports World Cup 2026,All,6667,FaZe,10394,twistzz,24,35,0.69,-11,0.85,71.4,69.8,-4.26
2396605,2026-08-20,Esports World Cup 2026,All,6667,FaZe,21972,neityu,20,32,0.62,-12,0.77,63.7,62.8,-5.7
2396605,2026-08-20,Esports World Cup 2026,All,6667,FaZe,22383,jcobbb,30,34,0.88,-4,1.0,76.3,76.7,0.26
2396605,2026-08-20,Esports World Cup 2026,All,6667,FaZe,22866,jboen,26,29,0.9,-3,1.04,60.6,62.8,1.45
2396605,2026-08-20,Esports World Cup 2026,All,9565,Vitality,7322,apex,27,29,0.93,-2,0.97,75.3,79.1,-2.02
2396605,2026-08-20,Esports World Cup 2026,All,9565,Vitality,11816,ropz,31,27,1.15,4,0.95,69.7,74.4,-0.91
2396605,2026-08-20,Esports World Cup 2026,All,9565,Vitality,11893,zywoo,42,25,1.68,17,1.58,102.6,79.1,5.68
2396605,2026-08-20,Esports World Cup 2026,All,9565,Vitality,16693,flamez,28,28,1.0,0,1.18,74.0,81.4,2.53
2396605,2026-08-20,Esports World Cup 2026,All,9565,Vitality,18462,mezii,33,26,1.27,7,1.3,73.6,83.7,2.14
2396606,2026-08-20,Esports World Cup 2026,All,7020,Spirit,16920,sh1ro,33,25,1.32,8,1.15,76.9,81.8,1.03
2396606,2026-08-20,Esports World Cup 2026,All,7020,Spirit,18317,magixx,19,30,0.63,-11,0.9,62.4,70.5,-0.39
2396606,2026-08-20,Esports World Cup 2026,All,7020,Spirit,19808,tn1r,29,24,1.21,5,1.18,69.5,70.5,2.17
2396606,2026-08-20,Esports World Cup 2026,All,7020,Spirit,20423,zont1x,20,27,0.74,-7,0.82,47.0,70.5,-2.18
2396606,2026-08-20,Esports World Cup 2026,All,7020,Spirit,21167,donk,45,25,1.8,20,1.82,114.7,75.0,6.25
2396606,2026-08-20,Esports World Cup 2026,All,11241,B8,20112,alex666,29,32,0.91,-3,0.92,64.8,61.4,-1.39
2396606,2026-08-20,Esports World Cup 2026,All,11241,B8,21708,npl,26,31,0.84,-5,0.87,66.9,70.5,-2.14
2396606,2026-08-20,Esports World Cup 2026,All,11241,B8,22842,kensizor,22,28,0.79,-6,0.76,59.0,70.5,-2.03
2396606,2026-08-20,Esports World Cup 2026,All,11241,B8,23643,esenthial,26,27,0.96,-1,0.98,71.0,68.2,-0.61
2396606,2026-08-20,Esports World Cup 2026,All,11241,B8,25619,s1zzi,28,28,1.0,0,0.99,66.0,72.7,-0.71
2396607,2026-08-20,Esports World Cup 2026,All,5995,G2,3972,hunter,22,36,0.61,-14,0.65,44.1,57.1,-3.65
2396607,2026-08-20,Esports World Cup 2026,All,5995,G2,9436,nertz,28,36,0.78,-8,0.89,67.4,67.3,-2.38
2396607,2026-08-20,Esports World Cup 2026,All,5995,G2,20425,r1nkle,27,34,0.79,-7,0.79,53.5,57.1,-0.7
2396607,2026-08-20,Esports World Cup 2026,All,5995,G2,20447,heavygod,32,36,0.89,-4,0.95,78.7,65.3,0.28
2396607,2026-08-20,Esports World Cup 2026,All,5995,G2,21062,matys,21,39,0.54,-18,0.84,63.9,67.3,-0.19
2396607,2026-08-20,Esports World Cup 2026,All,8297,FURIA,2023,fallen,27,33,0.82,-6,0.92,62.0,73.5,-1.58
2396607,2026-08-20,Esports World Cup 2026,All,8297,FURIA,12553,yuurih,35,22,1.59,13,1.32,70.1,81.6,4.37
2396607,2026-08-20,Esports World Cup 2026,All,8297,FURIA,13915,yekindar,38,29,1.31,9,1.45,95.5,83.7,3.11
2396607,2026-08-20,Esports World Cup 2026,All,8297,FURIA,15631,kscerato,34,27,1.26,7,1.05,67.8,77.6,0.66
2396607,2026-08-20,Esports World Cup 2026,All,8297,FURIA,24144,molodoy,47,21,2.24,26,1.29,92.8,87.8,-0.16
2396608,2026-08-21,Esports World Cup 2026,All,4494,MOUZ,18072,torzsi,32,26,1.23,6,1.06,68.6,70.2,2.27
2396608,2026-08-21,Esports World Cup 2026,All,4494,MOUZ,18221,spinx,32,39,0.82,-7,0.9,78.1,70.2,-2.67
2396608,2026-08-21,Esports World Cup 2026,All,4494,MOUZ,20312,xertion,31,35,0.89,-4,1.01,78.8,72.3,0.33
2396608,2026-08-21,Esports World Cup 2026,All,4494,MOUZ,22279,pr,19,37,0.51,-18,0.52,46.5,63.8,-8.64
2396608,2026-08-21,Esports World Cup 2026,All,4494,MOUZ,24457,xelex,34,33,1.03,1,0.96,73.0,66.0,-1.66
2396608,2026-08-21,Esports World Cup 2026,All,13286,FUT,19187,xfl0ud,39,32,1.22,7,1.48,99.9,78.7,5.46
2396608,2026-08-21,Esports World Cup 2026,All,13286,FUT,20584,dem0n,34,31,1.1,3,1.13,70.0,80.9,-0.49
2396608,2026-08-21,Esports World Cup 2026,All,13286,FUT,22203,krabeni,31,32,0.97,-1,1.21,75.7,80.9,2.22
2396608,2026-08-21,Esports World Cup 2026,All,13286,FUT,22674,cmtry,33,24,1.38,9,1.14,69.4,76.6,1.84
2396608,2026-08-21,Esports World Cup 2026,All,13286,FUT,23553,dziugss,30,30,1.0,0,1.1,74.1,78.7,0.91
2396609,2026-08-21,Esports World Cup 2026,All,11283,Falcons,429,karrigan,17,31,0.55,-14,0.63,46.5,53.5,-5.31
2396609,2026-08-21,Esports World Cup 2026,All,11283,Falcons,3741,niko,22,32,0.69,-10,0.76,68.5,58.1,-3.72
2396609,2026-08-21,Esports World Cup 2026,All,11283,Falcons,12018,teses,21,27,0.78,-6,0.84,57.0,65.1,-1.35
2396609,2026-08-21,Esports World Cup 2026,All,11283,Falcons,19230,m0nesy,37,26,1.42,11,1.35,78.7,76.7,5.12
2396609,2026-08-21,Esports World Cup 2026,All,11283,Falcons,24177,kyousuke,23,32,0.72,-9,0.71,62.3,62.8,-3.15
2396609,2026-08-21,Esports World Cup 2026,All,12468,Legacy,12521,art,28,22,1.27,6,1.04,68.0,69.8,0.62
2396609,2026-08-21,Esports World Cup 2026,All,12468,Legacy,15698,dumau,25,27,0.93,-2,0.91,65.3,62.8,0.24
2396609,2026-08-21,Esports World Cup 2026,All,12468,Legacy,19045,latto,33,24,1.38,9,1.37,92.5,83.7,2.18
2396609,2026-08-21,Esports World Cup 2026,All,12468,Legacy,19686,n1ssim,23,24,0.96,-1,1.04,58.0,72.1,0.83
2396609,2026-08-21,Esports World Cup 2026,All,12468,Legacy,19869,try,39,23,1.7,16,1.49,81.3,83.7,4.54
2396610,2026-08-21,Esports World Cup 2026,All,7020,Spirit,16920,sh1ro,46,38,1.21,8,1.18,71.9,78.6,1.33
2396610,2026-08-21,Esports World Cup 2026,All,7020,Spirit,18317,magixx,38,48,0.79,-10,1.03,75.6,80.0,0.35
2396610,2026-08-21,Esports World Cup 2026,All,7020,Spirit,19808,tn1r,63,45,1.4,18,1.21,84.1,72.9,-0.18
2396610,2026-08-21,Esports World Cup 2026,All,7020,Spirit,20423,zont1x,45,46,0.98,-1,1.04,68.1,72.9,0.2
2396610,2026-08-21,Esports World Cup 2026,All,7020,Spirit,21167,donk,70,43,1.63,27,1.46,101.0,82.9,3.37
2396610,2026-08-21,Esports World Cup 2026,All,9565,Vitality,7322,apex,27,60,0.45,-33,0.52,51.4,55.7,-6.04
2396610,2026-08-21,Esports World Cup 2026,All,9565,Vitality,11816,ropz,41,49,0.84,-8,0.9,63.6,72.9,-1.76
2396610,2026-08-21,Esports World Cup 2026,All,9565,Vitality,11893,zywoo,51,48,1.06,3,1.07,76.4,72.9,-0.12
2396610,2026-08-21,Esports World Cup 2026,All,9565,Vitality,16693,flamez,51,57,0.89,-6,1.15,82.4,72.9,0.66
2396610,2026-08-21,Esports World Cup 2026,All,9565,Vitality,18462,mezii,45,49,0.92,-4,1.07,70.6,68.6,1.57
2396611,2026-08-22,Esports World Cup 2026,All,8297,FURIA,2023,fallen,45,44,1.02,1,1.03,64.0,72.2,-0.15
2396611,2026-08-22,Esports World Cup 2026,All,8297,FURIA,12553,yuurih,33,46,0.72,-13,0.77,51.8,70.8,-3.39
2396611,2026-08-22,Esports World Cup 2026,All,8297,FURIA,13915,yekindar,52,50,1.04,2,1.19,84.4,76.4,2.4
2396611,2026-08-22,Esports World Cup 2026,All,8297,FURIA,15631,kscerato,54,50,1.08,4,1.2,82.8,70.8,2.56
2396611,2026-08-22,Esports World Cup 2026,All,8297,FURIA,24144,molodoy,55,50,1.1,5,1.08,80.8,75.0,0.35
2396611,2026-08-22,Esports World Cup 2026,All,13286,FUT,19187,xfl0ud,52,52,1.0,0,1.15,86.3,69.4,0.05
2396611,2026-08-22,Esports World Cup 2026,All,13286,FUT,20584,dem0n,50,46,1.09,4,1.11,81.5,76.4,0.5
2396611,2026-08-22,Esports World Cup 2026,All,13286,FUT,22203,krabeni,48,54,0.89,-6,0.92,76.3,70.8,-2.14
2396611,2026-08-22,Esports World Cup 2026,All,13286,FUT,22674,cmtry,55,41,1.34,14,1.16,66.9,76.4,1.12
2396611,2026-08-22,Esports World Cup 2026,All,13286,FUT,23553,dziugss,35,46,0.76,-11,0.85,58.9,70.8,-1.31
2396612,2026-08-22,Esports World Cup 2026,All,7020,Spirit,16920,sh1ro,37,19,1.95,18,1.5,77.6,81.0,5.39
2396612,2026-08-22,Esports World Cup 2026,All,7020,Spirit,18317,magixx,21,28,0.75,-7,0.95,63.0,71.4,0.41
2396612,2026-08-22,Esports World Cup 2026,All,7020,Spirit,19808,tn1r,15,28,0.54,-13,0.74,48.8,66.7,-2.43
2396612,2026-08-22,Esports World Cup 2026,All,7020,Spirit,20423,zont1x,26,25,1.04,1,1.18,87.1,76.2,1.0
2396612,2026-08-22,Esports World Cup 2026,All,7020,Spirit,21167,donk,44,32,1.38,12,1.62,104.5,78.6,6.21
2396612,2026-08-22,Esports World Cup 2026,All,12468,Legacy,12521,art,20,29,0.69,-9,0.78,63.9,66.7,-2.74
2396612,2026-08-22,Esports World Cup 2026,All,12468,Legacy,15698,dumau,27,30,0.9,-3,0.89,76.0,78.6,-4.82
2396612,2026-08-22,Esports World Cup 2026,All,12468,Legacy,19045,latto,30,29,1.03,1,1.08,82.0,66.7,-0.06
2396612,2026-08-22,Esports World Cup 2026,All,12468,Legacy,19686,n1ssim,22,32,0.69,-10,0.72,50.4,59.5,-5.67
2396612,2026-08-22,Esports World Cup 2026,All,12468,Legacy,19869,try,31,24,1.29,7,1.19,75.1,76.2,2.66
2396614,2026-08-23,Esports World Cup 2026,All,7020,Spirit,16920,sh1ro,64,52,1.23,12,1.05,60.6,72.0,2.11
2396614,2026-08-23,Esports World Cup 2026,All,7020,Spirit,18317,magixx,61,69,0.88,-8,0.92,70.4,68.0,-2.1
2396614,2026-08-23,Esports World Cup 2026,All,7020,Spirit,19808,tn1r,76,71,1.07,5,1.1,78.0,68.0,0.2
2396614,2026-08-23,Esports World Cup 2026,All,7020,Spirit,20423,zont1x,67,65,1.03,2,1.19,79.5,79.0,2.24
2396614,2026-08-23,Esports World Cup 2026,All,7020,Spirit,21167,donk,88,70,1.26,18,1.36,91.9,80.0,2.94
2396614,2026-08-23,Esports World Cup 2026,All,13286,FUT,19187,xfl0ud,62,78,0.79,-16,0.89,75.5,68.0,-2.12
2396614,2026-08-23,Esports World Cup 2026,All,13286,FUT,20584,dem0n,77,66,1.17,11,1.18,80.9,78.0,0.5
2396614,2026-08-23,Esports World Cup 2026,All,13286,FUT,22203,krabeni,66,77,0.86,-11,0.97,76.2,64.0,-0.39
2396614,2026-08-23,Esports World Cup 2026,All,13286,FUT,22674,cmtry,50,65,0.77,-15,0.78,51.3,75.0,-2.89
2396614,2026-08-23,Esports World Cup 2026,All,13286,FUT,23553,dziugss,69,71,0.97,-2,1.02,75.8,72.0,-0.49
2396924,2026-08-26,BLAST Open Porto 2026,All,7020,Spirit,16920,sh1ro,26,20,1.3,6,1.09,63.0,82.9,1.97
2396924,2026-08-26,BLAST Open Porto 2026,All,7020,Spirit,18317,magixx,24,23,1.04,1,1.02,56.1,75.6,1.18
2396924,2026-08-26,BLAST Open Porto 2026,All,7020,Spirit,19808,tn1r,24,30,0.8,-6,0.91,68.5,68.3,-1.36
2396924,2026-08-26,BLAST Open Porto 2026,All,7020,Spirit,20423,zont1x,27,24,1.12,3,0.97,68.4,70.7,-1.62
2396924,2026-08-26,BLAST Open Porto 2026,All,7020,Spirit,21167,donk,48,26,1.85,22,2.14,129.4,87.8,9.33
2396924,2026-08-26,BLAST Open Porto 2026,All,13926,DENDELE,20558,gafolo,19,28,0.68,-9,0.8,59.0,58.5,-2.47
2396924,2026-08-26,BLAST Open Porto 2026,All,13926,DENDELE,21170,koala,35,27,1.3,8,1.35,92.2,70.7,2.89
2396924,2026-08-26,BLAST Open Porto 2026,All,13926,DENDELE,21221,maxxkor,34,27,1.26,7,1.28,84.5,82.9,1.6
2396924,2026-08-26,BLAST Open Porto 2026,All,13926,DENDELE,21921,rdnzao,17,32,0.53,-15,0.6,55.3,61.0,-5.09
2396924,2026-08-26,BLAST Open Porto 2026,All,13926,DENDELE,22911,doc,17,35,0.49,-18,0.58,48.6,58.5,-6.43
2396926,2026-08-26,BLAST Open Porto 2026,All,4773,paiN,16816,vsm,11,27,0.41,-16,0.46,50.1,50.0,-8.44
2396926,2026-08-26,BLAST Open Porto 2026,All,4773,paiN,18141,biguzera,14,26,0.54,-12,0.77,56.1,55.9,-2.4
2396926,2026-08-26,BLAST Open Porto 2026,All,4773,paiN,18714,piriajr,27,27,1.0,0,1.11,76.4,64.7,1.41
2396926,2026-08-26,BLAST Open Porto 2026,All,4773,paiN,18835,saffee,16,29,0.55,-13,0.58,54.6,50.0,-5.51
2396926,2026-08-26,BLAST Open Porto 2026,All,4773,paiN,20171,snow,22,28,0.79,-6,0.88,71.8,52.9,-2.62
2396926,2026-08-26,BLAST Open Porto 2026,All,8297,FURIA,2023,fallen,23,16,1.44,7,1.15,68.0,76.5,2.66
2396926,2026-08-26,BLAST Open Porto 2026,All,8297,FURIA,12553,yuurih,26,20,1.3,6,1.3,75.2,79.4,4.51
2396926,2026-08-26,BLAST Open Porto 2026,All,8297,FURIA,13915,yekindar,34,21,1.62,13,1.64,113.6,79.4,4.21
2396926,2026-08-26,BLAST Open Porto 2026,All,8297,FURIA,15631,kscerato,24,18,1.33,6,1.23,85.7,94.1,1.09
2396926,2026-08-26,BLAST Open Porto 2026,All,8297,FURIA,24144,molodoy,30,16,1.88,14,1.38,77.1,82.4,5.09
2396927,2026-08-27,BLAST Open Porto 2026,All,9565,Vitality,7322,apex,33,34,0.97,-1,1.08,76.7,70.0,1.14
2396927,2026-08-27,BLAST Open Porto 2026,All,9565,Vitality,11816,ropz,36,33,1.09,3,1.06,76.4,74.0,-1.08
2396927,2026-08-27,BLAST Open Porto 2026,All,9565,Vitality,11893,zywoo,27,36,0.75,-9,0.78,58.4,74.0,-3.94
2396927,2026-08-27,BLAST Open Porto 2026,All,9565,Vitality,16693,flamez,29,39,0.74,-10,0.95,80.8,66.0,-0.66
2396927,2026-08-27,BLAST Open Porto 2026,All,9565,Vitality,19206,jl,30,35,0.86,-5,0.88,64.5,72.0,-2.93
2396927,2026-08-27,BLAST Open Porto 2026,All,13117,Inner Circle,16147,cptkurtka023,43,30,1.43,13,1.58,90.7,82.0,7.23
2396927,2026-08-27,BLAST Open Porto 2026,All,13117,Inner Circle,19592,headtr1ck,42,24,1.75,18,1.37,82.5,80.0,4.05
2396927,2026-08-27,BLAST Open Porto 2026,All,13117,Inner Circle,23415,zerrofix,23,32,0.72,-9,0.78,55.3,68.0,-2.6
2396927,2026-08-27,BLAST Open Porto 2026,All,13117,Inner Circle,24168,onic,33,34,0.97,-1,1.0,68.0,80.0,-2.07
2396927,2026-08-27,BLAST Open Porto 2026,All,13117,Inner Circle,24282,dawy,35,38,0.92,-3,1.07,75.5,70.0,0.86
2396928,2026-08-27,BLAST Open Porto 2026,All,4494,MOUZ,18072,torzsi,36,20,1.8,16,1.44,92.9,83.8,5.21
2396928,2026-08-27,BLAST Open Porto 2026,All,4494,MOUZ,18221,spinx,31,15,2.07,16,1.49,85.2,81.1,5.99
2396928,2026-08-27,BLAST Open Porto 2026,All,4494,MOUZ,20312,xertion,26,26,1.0,0,1.14,76.0,73.0,2.97
2396928,2026-08-27,BLAST Open Porto 2026,All,4494,MOUZ,22279,pr,23,22,1.05,1,0.94,73.8,73.0,-2.18
2396928,2026-08-27,BLAST Open Porto 2026,All,4494,MOUZ,24457,xelex,31,19,1.63,12,1.55,87.6,81.1,5.42
2396928,2026-08-27,BLAST Open Porto 2026,All,9996,9z,12092,max,18,30,0.6,-12,0.61,57.9,59.5,-8.04
2396928,2026-08-27,BLAST Open Porto 2026,All,9996,9z,14736,dgt,23,28,0.82,-5,0.99,78.9,62.2,1.24
2396928,2026-08-27,BLAST Open Porto 2026,All,9996,9z,14737,meyern,18,29,0.62,-11,0.68,55.7,56.8,-4.9
2396928,2026-08-27,BLAST Open Porto 2026,All,9996,9z,20394,luchov,23,31,0.74,-8,0.71,61.2,48.6,-4.79
2396928,2026-08-27,BLAST Open Porto 2026,All,9996,9z,22613,huasopeek,20,30,0.67,-10,0.98,70.3,62.2,-0.91
2396929,2026-08-27,BLAST Open Porto 2026,All,12468,Legacy,12521,art,28,32,0.88,-4,0.94,70.7,74.5,-1.42
2396929,2026-08-27,BLAST Open Porto 2026,All,12468,Legacy,15698,dumau,33,38,0.87,-5,1.11,88.2,72.3,1.06
2396929,2026-08-27,BLAST Open Porto 2026,All,12468,Legacy,19045,latto,37,23,1.61,14,1.22,76.6,78.7,1.29
2396929,2026-08-27,BLAST Open Porto 2026,All,12468,Legacy,19686,n1ssim,27,28,0.96,-1,0.91,65.2,74.5,-1.64
2396929,2026-08-27,BLAST Open Porto 2026,All,12468,Legacy,19869,try,42,22,1.91,20,1.31,81.4,72.3,3.92
2396929,2026-08-27,BLAST Open Porto 2026,All,13286,FUT,19187,xfl0ud,31,32,0.97,-1,1.05,71.1,63.8,0.86
2396929,2026-08-27,BLAST Open Porto 2026,All,13286,FUT,20584,dem0n,34,32,1.06,2,1.16,85.0,70.2,0.36
2396929,2026-08-27,BLAST Open Porto 2026,All,13286,FUT,22203,krabeni,30,34,0.88,-4,0.87,61.5,68.1,-2.77
2396929,2026-08-27,BLAST Open Porto 2026,All,13286,FUT,22674,cmtry,26,35,0.74,-9,0.87,64.0,66.0,-0.45
2396929,2026-08-27,BLAST Open Porto 2026,All,13286,FUT,23553,dziugss,22,35,0.63,-13,0.88,69.1,63.8,-1.45
2396930,2026-08-27,BLAST Open Porto 2026,All,8840,Lynn Vision,16551,westmelon,31,45,0.69,-14,0.82,62.1,67.7,-3.02
2396930,2026-08-27,BLAST Open Porto 2026,All,8840,Lynn Vision,18744,z4kr,38,46,0.83,-8,0.9,69.4,72.6,-1.63
2396930,2026-08-27,BLAST Open Porto 2026,All,8840,Lynn Vision,20254,starry,37,44,0.84,-7,0.93,75.2,71.0,-1.56
2396930,2026-08-27,BLAST Open Porto 2026,All,8840,Lynn Vision,22922,emiliaqaq,40,44,0.91,-4,0.95,59.5,71.0,-0.81
2396930,2026-08-27,BLAST Open Porto 2026,All,8840,Lynn Vision,23100,c4llm3su3,48,43,1.12,5,1.17,77.3,71.0,1.2
2396930,2026-08-27,BLAST Open Porto 2026,All,11283,Falcons,429,karrigan,27,46,0.59,-19,0.67,43.3,69.4,-3.61
2396930,2026-08-27,BLAST Open Porto 2026,All,11283,Falcons,3741,niko,39,38,1.03,1,1.0,67.5,83.9,-0.67
2396930,2026-08-27,BLAST Open Porto 2026,All,11283,Falcons,12018,teses,52,33,1.58,19,1.49,87.7,79.0,4.53
2396930,2026-08-27,BLAST Open Porto 2026,All,11283,Falcons,19230,m0nesy,58,30,1.93,28,1.64,92.9,77.4,7.24
2396930,2026-08-27,BLAST Open Porto 2026,All,11283,Falcons,24177,kyousuke,46,47,0.98,-1,1.05,88.2,77.4,-1.67
2396932,2026-08-28,BLAST Open Porto 2026,All,5995,G2,3972,hunter,9,29,0.31,-20,0.44,43.6,63.4,-8.5
2396932,2026-08-28,BLAST Open Porto 2026,All,5995,G2,9436,nertz,25,25,1.0,0,0.97,67.2,73.2,0.69
2396932,2026-08-28,BLAST Open Porto 2026,All,5995,G2,20425,r1nkle,29,22,1.32,7,0.9,65.1,75.6,-1.87
2396932,2026-08-28,BLAST Open Porto 2026,All,5995,G2,20447,heavygod,17,26,0.65,-9,0.82,50.8,68.3,-2.39
2396932,2026-08-28,BLAST Open Porto 2026,All,5995,G2,21062,matys,27,27,1.0,0,1.0,63.6,70.7,-0.23
2396932,2026-08-28,BLAST Open Porto 2026,All,7020,Spirit,16920,sh1ro,29,18,1.61,11,1.24,70.8,80.5,3.21
2396932,2026-08-28,BLAST Open Porto 2026,All,7020,Spirit,18317,magixx,17,24,0.71,-7,0.98,46.8,70.7,1.27
2396932,2026-08-28,BLAST Open Porto 2026,All,7020,Spirit,19808,tn1r,32,24,1.33,8,1.36,82.8,78.0,3.41
2396932,2026-08-28,BLAST Open Porto 2026,All,7020,Spirit,20423,zont1x,19,22,0.86,-3,1.04,55.0,75.6,-0.39
2396932,2026-08-28,BLAST Open Porto 2026,All,7020,Spirit,21167,donk,31,23,1.35,8,1.45,86.9,80.5,4.76
2396934,2026-08-28,BLAST Open Porto 2026,All,8297,FURIA,2023,fallen,28,30,0.93,-2,0.96,63.3,68.1,-0.51
2396934,2026-08-28,BLAST Open Porto 2026,All,8297,FURIA,12553,yuurih,21,28,0.75,-7,0.79,47.7,78.7,-2.78
2396934,2026-08-28,BLAST Open Porto 2026,All,8297,FURIA,13915,yekindar,31,32,0.97,-1,1.23,83.1,76.6,4.38
2396934,2026-08-28,BLAST Open Porto 2026,All,8297,FURIA,15631,kscerato,50,23,2.17,27,1.86,103.9,89.4,7.73
2396934,2026-08-28,BLAST Open Porto 2026,All,8297,FURIA,24144,molodoy,36,27,1.33,9,1.03,74.3,76.6,-1.06
2396934,2026-08-28,BLAST Open Porto 2026,All,12376,M80,15370,slaxz,31,29,1.07,2,1.07,72.1,85.1,0.82
2396934,2026-08-28,BLAST Open Porto 2026,All,12376,M80,16599,swisher,19,34,0.56,-15,0.65,50.6,63.8,-4.77
2396934,2026-08-28,BLAST Open Porto 2026,All,12376,M80,20104,s1n,26,33,0.79,-7,0.84,67.4,68.1,-2.09
2396934,2026-08-28,BLAST Open Porto 2026,All,12376,M80,21665,jba,24,34,0.71,-10,0.77,53.1,59.6,-2.18
2396934,2026-08-28,BLAST Open Porto 2026,All,12376,M80,22921,lake,39,37,1.05,2,1.22,86.8,76.6,0.45
2396935,2026-08-29,BLAST Open Porto 2026,All,9565,Vitality,7322,apex,14,23,0.61,-9,0.63,52.4,58.8,-3.85
2396935,2026-08-29,BLAST Open Porto 2026,All,9565,Vitality,11816,ropz,19,18,1.06,1,1.12,62.5,73.5,4.27
2396935,2026-08-29,BLAST Open Porto 2026,All,9565,Vitality,11893,zywoo,37,16,2.31,21,1.82,107.5,79.4,8.71
2396935,2026-08-29,BLAST Open Porto 2026,All,9565,Vitality,16693,flamez,27,20,1.35,7,1.28,89.4,73.5,0.59
2396935,2026-08-29,BLAST Open Porto 2026,All,9565,Vitality,19206,jl,38,18,2.11,20,1.96,98.0,82.4,11.02
2396935,2026-08-29,BLAST Open Porto 2026,All,9996,9z,12092,max,17,27,0.63,-10,0.73,63.7,64.7,-6.66
2396935,2026-08-29,BLAST Open Porto 2026,All,9996,9z,14736,dgt,22,25,0.88,-3,0.91,74.6,73.5,-2.69
2396935,2026-08-29,BLAST Open Porto 2026,All,9996,9z,14737,meyern,18,27,0.67,-9,0.72,53.4,52.9,-3.1
2396935,2026-08-29,BLAST Open Porto 2026,All,9996,9z,20394,luchov,21,28,0.75,-7,0.83,67.3,55.9,-4.62
2396935,2026-08-29,BLAST Open Porto 2026,All,9996,9z,22613,huasopeek,17,29,0.59,-12,0.74,57.9,55.9,-3.83
2396936,2026-08-29,BLAST Open Porto 2026,All,4494,MOUZ,18072,torzsi,18,21,0.86,-3,0.95,58.9,82.9,1.94
2396936,2026-08-29,BLAST Open Porto 2026,All,4494,MOUZ,18221,spinx,34,12,2.83,22,1.63,90.9,85.7,6.5
2396936,2026-08-29,BLAST Open Porto 2026,All,4494,MOUZ,20312,xertion,37,17,2.18,20,1.61,115.8,88.6,2.07
2396936,2026-08-29,BLAST Open Porto 2026,All,4494,MOUZ,22279,pr,32,16,2.0,16,1.53,95.3,82.9,5.1
2396936,2026-08-29,BLAST Open Porto 2026,All,4494,MOUZ,24457,xelex,28,18,1.56,10,1.24,75.8,91.4,0.03
2396936,2026-08-29,BLAST Open Porto 2026,All,13117,Inner Circle,16147,cptkurtka023,19,28,0.68,-9,0.88,66.9,62.9,-1.28
2396936,2026-08-29,BLAST Open Porto 2026,All,13117,Inner Circle,19592,headtr1ck,19,33,0.58,-14,0.64,63.0,45.7,-5.73
2396936,2026-08-29,BLAST Open Porto 2026,All,13117,Inner Circle,23415,zerrofix,12,28,0.43,-16,0.61,45.3,45.7,-3.81
2396936,2026-08-29,BLAST Open Porto 2026,All,13117,Inner Circle,24168,onic,18,30,0.6,-12,0.81,58.8,37.1,-1.02
2396936,2026-08-29,BLAST Open Porto 2026,All,13117,Inner Circle,24282,dawy,16,32,0.5,-16,0.69,67.5,62.9,-3.81
2396937,2026-08-29,BLAST Open Porto 2026,All,8840,Lynn Vision,16551,westmelon,39,44,0.89,-5,0.96,76.1,72.9,-1.97
2396937,2026-08-29,BLAST Open Porto 2026,All,8840,Lynn Vision,18744,z4kr,34,39,0.87,-5,0.94,57.7,76.3,-1.1
2396937,2026-08-29,BLAST Open Porto 2026,All,8840,Lynn Vision,20254,starry,60,38,1.58,22,1.69,104.6,83.1,5.75
2396937,2026-08-29,BLAST Open Porto 2026,All,8840,Lynn Vision,22922,emiliaqaq,26,43,0.6,-17,0.71,59.4,62.7,-4.76
2396937,2026-08-29,BLAST Open Porto 2026,All,8840,Lynn Vision,23100,c4llm3su3,24,41,0.59,-17,0.69,52.4,66.1,-5.38
2396937,2026-08-29,BLAST Open Porto 2026,All,13286,FUT,19187,xfl0ud,44,36,1.22,8,1.26,77.1,79.7,3.58
2396937,2026-08-29,BLAST Open Porto 2026,All,13286,FUT,20584,dem0n,40,39,1.03,1,1.1,69.6,78.0,1.34
2396937,2026-08-29,BLAST Open Porto 2026,All,13286,FUT,22203,krabeni,50,36,1.39,14,1.36,89.1,79.7,3.84
2396937,2026-08-29,BLAST Open Porto 2026,All,13286,FUT,22674,cmtry,37,36,1.03,1,0.9,66.1,72.9,-2.33
2396937,2026-08-29,BLAST Open Porto 2026,All,13286,FUT,23553,dziugss,34,39,0.87,-5,1.05,70.9,78.0,0.84
2396938,2026-08-29,BLAST Open Porto 2026,All,11283,Falcons,429,karrigan,32,40,0.8,-8,0.8,66.5,60.7,-2.85
2396938,2026-08-29,BLAST Open Porto 2026,All,11283,Falcons,3741,niko,49,36,1.36,13,1.22,86.6,82.0,1.19
2396938,2026-08-29,BLAST Open Porto 2026,All,11283,Falcons,12018,teses,29,35,0.83,-6,0.84,51.4,73.8,-2.09
2396938,2026-08-29,BLAST Open Porto 2026,All,11283,Falcons,19230,m0nesy,56,29,1.93,27,1.56,89.2,73.8,6.94
2396938,2026-08-29,BLAST Open Porto 2026,All,11283,Falcons,24177,kyousuke,50,44,1.14,6,1.32,94.3,72.1,4.15
2396938,2026-08-29,BLAST Open Porto 2026,All,12468,Legacy,12521,art,27,43,0.63,-16,0.69,46.0,55.7,-2.84
2396938,2026-08-29,BLAST Open Porto 2026,All,12468,Legacy,15698,dumau,44,47,0.94,-3,1.04,80.8,77.0,-0.71
2396938,2026-08-29,BLAST Open Porto 2026,All,12468,Legacy,19045,latto,40,41,0.98,-1,1.06,70.5,68.9,-0.46
2396938,2026-08-29,BLAST Open Porto 2026,All,12468,Legacy,19686,n1ssim,41,42,0.98,-1,0.94,71.1,62.3,-1.93
2396938,2026-08-29,BLAST Open Porto 2026,All,12468,Legacy,19869,try,31,44,0.7,-13,0.88,65.5,63.9,-1.6
2396941,2026-08-30,BLAST Open Porto 2026,All,9565,Vitality,7322,apex,54,47,1.15,7,1.13,75.8,65.8,0.76
2396941,2026-08-30,BLAST Open Porto 2026,All,9565,Vitality,11816,ropz,47,48,0.98,-1,1.0,72.9,69.9,-0.08
2396941,2026-08-30,BLAST Open Porto 2026,All,9565,Vitality,11893,zywoo,56,45,1.24,11,1.19,78.2,69.9,1.67
2396941,2026-08-30,BLAST Open Porto 2026,All,9565,Vitality,16693,flamez,38,47,0.81,-9,0.9,57.5,75.3,-1.91
2396941,2026-08-30,BLAST Open Porto 2026,All,9565,Vitality,19206,jl,46,47,0.98,-1,1.02,75.2,75.3,-0.08
2396941,2026-08-30,BLAST Open Porto 2026,All,12468,Legacy,12521,art,33,53,0.62,-20,0.78,53.9,57.5,-1.82
2396941,2026-08-30,BLAST Open Porto 2026,All,12468,Legacy,15698,dumau,63,48,1.31,15,1.33,87.6,68.5,3.38
2396941,2026-08-30,BLAST Open Porto 2026,All,12468,Legacy,19045,latto,48,50,0.96,-2,1.03,76.2,68.5,-0.68
2396941,2026-08-30,BLAST Open Porto 2026,All,12468,Legacy,19686,n1ssim,32,46,0.7,-14,0.8,56.2,69.9,-2.89
2396941,2026-08-30,BLAST Open Porto 2026,All,12468,Legacy,19869,try,58,45,1.29,13,1.16,76.5,75.3,1.66
2396942,2026-08-30,BLAST Open Porto 2026,All,13117,Inner Circle,16147,cptkurtka023,20,34,0.59,-14,0.75,61.7,63.4,-3.1
2396942,2026-08-30,BLAST Open Porto 2026,All,13117,Inner Circle,19592,headtr1ck,28,27,1.04,1,0.99,66.2,75.6,0.19
2396942,2026-08-30,BLAST Open Porto 2026,All,13117,Inner Circle,23415,zerrofix,23,31,0.74,-8,0.86,72.4,63.4,-0.54
2396942,2026-08-30,BLAST Open Porto 2026,All,13117,Inner Circle,24168,onic,24,30,0.8,-6,0.81,56.5,63.4,-3.82
2396942,2026-08-30,BLAST Open Porto 2026,All,13117,Inner Circle,24282,dawy,24,33,0.73,-9,0.86,66.6,70.7,-1.63
2396942,2026-08-30,BLAST Open Porto 2026,All,13286,FUT,19187,xfl0ud,27,29,0.93,-2,0.98,77.7,78.0,-1.05
2396942,2026-08-30,BLAST Open Porto 2026,All,13286,FUT,20584,dem0n,45,17,2.65,28,2.02,102.7,90.2,8.82
2396942,2026-08-30,BLAST Open Porto 2026,All,13286,FUT,22203,krabeni,29,29,1.0,0,0.98,77.0,78.0,-0.02
2396942,2026-08-30,BLAST Open Porto 2026,All,13286,FUT,22674,cmtry,28,17,1.65,11,1.19,77.2,85.4,0.83
2396942,2026-08-30,BLAST Open Porto 2026,All,13286,FUT,23553,dziugss,25,27,0.93,-2,1.14,72.3,87.8,0.0
2396943,2026-08-31,BLAST Open Porto 2026,All,7020,Spirit,16920,sh1ro,36,20,1.8,16,1.33,88.5,80.5,2.77
2396943,2026-08-31,BLAST Open Porto 2026,All,7020,Spirit,18317,magixx,22,21,1.05,1,0.91,59.3,78.0,-1.86
2396943,2026-08-31,BLAST Open Porto 2026,All,7020,Spirit,19808,tn1r,31,20,1.55,11,1.28,76.2,80.5,3.13
2396943,2026-08-31,BLAST Open Porto 2026,All,7020,Spirit,20423,zont1x,25,24,1.04,1,0.98,70.8,73.2,0.01
2396943,2026-08-31,BLAST Open Porto 2026,All,7020,Spirit,21167,donk,39,26,1.5,13,1.31,91.2,78.0,3.19
2396943,2026-08-31,BLAST Open Porto 2026,All,8297,FURIA,2023,fallen,20,31,0.65,-11,0.86,59.0,68.3,-2.17
2396943,2026-08-31,BLAST Open Porto 2026,All,8297,FURIA,12553,yuurih,25,30,0.83,-5,0.89,63.7,70.7,-3.92
2396943,2026-08-31,BLAST Open Porto 2026,All,8297,FURIA,13915,yekindar,25,31,0.81,-6,1.05,67.3,68.3,1.65
2396943,2026-08-31,BLAST Open Porto 2026,All,8297,FURIA,15631,kscerato,18,33,0.55,-15,0.71,61.6,63.4,-2.72
2396943,2026-08-31,BLAST Open Porto 2026,All,8297,FURIA,24144,molodoy,23,29,0.79,-6,0.85,62.6,53.7,-0.09
2396945,2026-08-31,BLAST Open Porto 2026,All,4494,MOUZ,18072,torzsi,44,27,1.63,17,1.21,77.6,75.9,2.35
2396945,2026-08-31,BLAST Open Porto 2026,All,4494,MOUZ,18221,spinx,30,34,0.88,-4,0.85,68.5,75.9,-2.74
2396945,2026-08-31,BLAST Open Porto 2026,All,4494,MOUZ,20312,xertion,33,30,1.1,3,1.13,68.4,79.6,1.03
2396945,2026-08-31,BLAST Open Porto 2026,All,4494,MOUZ,22279,pr,39,28,1.39,11,1.31,83.0,77.8,4.5
2396945,2026-08-31,BLAST Open Porto 2026,All,4494,MOUZ,24457,xelex,49,36,1.36,13,1.36,89.4,77.8,2.62
2396945,2026-08-31,BLAST Open Porto 2026,All,11283,Falcons,429,karrigan,26,37,0.7,-11,0.83,54.6,63.0,-1.89
2396945,2026-08-31,BLAST Open Porto 2026,All,11283,Falcons,3741,niko,27,39,0.69,-12,0.76,64.3,51.9,-3.09
2396945,2026-08-31,BLAST Open Porto 2026,All,11283,Falcons,12018,teses,33,40,0.82,-7,1.06,66.4,63.0,1.55
2396945,2026-08-31,BLAST Open Porto 2026,All,11283,Falcons,19230,m0nesy,34,38,0.89,-4,1.02,68.5,70.4,-0.1
2396945,2026-08-31,BLAST Open Porto 2026,All,11283,Falcons,24177,kyousuke,34,41,0.83,-7,0.79,67.0,61.1,-4.23
2396946,2026-08-31,BLAST Open Porto 2026,All,9565,Vitality,7322,apex,34,26,1.31,8,1.4,101.7,78.0,2.98
2396946,2026-08-31,BLAST Open Porto 2026,All,9565,Vitality,11816,ropz,24,24,1.0,0,0.95,57.8,75.6,-1.78
2396946,2026-08-31,BLAST Open Porto 2026,All,9565,Vitality,11893,zywoo,34,19,1.79,15,1.43,81.2,73.2,6.0
2396946,2026-08-31,BLAST Open Porto 2026,All,9565,Vitality,16693,flamez,22,20,1.1,2,1.0,59.1,80.5,0.13
2396946,2026-08-31,BLAST Open Porto 2026,All,9565,Vitality,19206,jl,29,21,1.38,8,1.31,74.1,78.0,3.32
2396946,2026-08-31,BLAST Open Porto 2026,All,13286,FUT,19187,xfl0ud,15,31,0.48,-16,0.71,52.7,68.3,-3.95
2396946,2026-08-31,BLAST Open Porto 2026,All,13286,FUT,20584,dem0n,27,27,1.0,0,1.02,68.6,68.3,-0.58
2396946,2026-08-31,BLAST Open Porto 2026,All,13286,FUT,22203,krabeni,26,31,0.84,-5,0.95,70.9,58.5,-1.19
2396946,2026-08-31,BLAST Open Porto 2026,All,13286,FUT,22674,cmtry,19,28,0.68,-9,0.69,47.6,61.0,-3.01
2396946,2026-08-31,BLAST Open Porto 2026,All,13286,FUT,23553,dziugss,23,28,0.82,-5,0.86,67.6,75.6,-1.93
2396947,2026-09-04,BLAST Open Porto 2026,All,5995,G2,3972,hunter,31,29,1.07,2,1.15,74.6,65.9,1.56
2396947,2026-09-04,BLAST Open Porto 2026,All,5995,G2,9436,nertz,25,29,0.86,-4,0.93,72.8,70.7,-1.67
2396947,2026-09-04,BLAST Open Porto 2026,All,5995,G2,20425,r1nkle,17,31,0.55,-14,0.63,57.1,63.4,-4.8
2396947,2026-09-04,BLAST Open Porto 2026,All,5995,G2,20447,heavygod,18,31,0.58,-13,0.59,53.2,58.5,-6.06
2396947,2026-09-04,BLAST Open Porto 2026,All,5995,G2,21062,matys,30,30,1.0,0,1.01,70.7,78.0,-1.3
2396947,2026-09-04,BLAST Open Porto 2026,All,11283,Falcons,429,karrigan,19,28,0.68,-9,0.83,57.6,68.3,-2.24
2396947,2026-09-04,BLAST Open Porto 2026,All,11283,Falcons,3741,niko,37,24,1.54,13,1.54,92.3,78.0,5.56
2396947,2026-09-04,BLAST Open Porto 2026,All,11283,Falcons,12018,teses,25,22,1.14,3,1.2,64.6,90.2,2.48
2396947,2026-09-04,BLAST Open Porto 2026,All,11283,Falcons,19230,m0nesy,32,22,1.45,10,1.22,73.3,75.6,3.79
2396947,2026-09-04,BLAST Open Porto 2026,All,11283,Falcons,24177,kyousuke,36,26,1.38,10,1.41,88.8,80.5,2.67
2396948,2026-09-04,BLAST Open Porto 2026,All,8297,FURIA,2023,fallen,34,36,0.94,-2,0.93,59.6,73.3,-1.89
2396948,2026-09-04,BLAST Open Porto 2026,All,8297,FURIA,12553,yuurih,35,39,0.9,-4,0.87,64.9,68.3,-2.09
2396948,2026-09-04,BLAST Open Porto 2026,All,8297,FURIA,13915,yekindar,41,47,0.87,-6,0.92,79.2,68.3,-1.63
2396948,2026-09-04,BLAST Open Porto 2026,All,8297,FURIA,15631,kscerato,37,34,1.09,3,1.09,73.9,76.7,1.75
2396948,2026-09-04,BLAST Open Porto 2026,All,8297,FURIA,24144,molodoy,39,32,1.22,7,1.02,64.6,75.0,0.03
2396948,2026-09-04,BLAST Open Porto 2026,All,9565,Vitality,7322,apex,32,35,0.91,-3,0.98,54.0,71.7,-0.26
2396948,2026-09-04,BLAST Open Porto 2026,All,9565,Vitality,11816,ropz,44,41,1.07,3,1.07,79.7,70.0,0.67
2396948,2026-09-04,BLAST Open Porto 2026,All,9565,Vitality,11893,zywoo,39,35,1.11,4,1.18,73.8,76.7,3.09
2396948,2026-09-04,BLAST Open Porto 2026,All,9565,Vitality,16693,flamez,38,38,1.0,0,0.96,68.6,70.0,-1.19
2396948,2026-09-04,BLAST Open Porto 2026,All,9565,Vitality,19206,jl,35,37,0.95,-2,1.04,62.9,73.3,1.51
2396949,2026-09-05,BLAST Open Porto 2026,All,7020,Spirit,16920,sh1ro,33,23,1.43,10,1.21,79.0,73.3,2.37
2396949,2026-09-05,BLAST Open Porto 2026,All,7020,Spirit,18317,magixx,30,27,1.11,3,1.02,65.6,73.3,0.03
2396949,2026-09-05,BLAST Open Porto 2026,All,7020,Spirit,19808,tn1r,29,30,0.97,-1,1.04,72.4,73.3,0.75
2396949,2026-09-05,BLAST Open Porto 2026,All,7020,Spirit,20423,zont1x,32,32,1.0,0,1.0,78.3,68.9,0.5
2396949,2026-09-05,BLAST Open Porto 2026,All,7020,Spirit,21167,donk,34,30,1.13,4,1.09,77.8,82.2,1.55
2396949,2026-09-05,BLAST Open Porto 2026,All,11283,Falcons,429,karrigan,19,33,0.58,-14,0.78,46.5,64.4,-2.84
2396949,2026-09-05,BLAST Open Porto 2026,All,11283,Falcons,3741,niko,21,33,0.64,-12,0.81,65.6,64.4,-2.62
2396949,2026-09-05,BLAST Open Porto 2026,All,11283,Falcons,12018,teses,27,31,0.87,-4,0.96,64.5,68.9,0.32
2396949,2026-09-05,BLAST Open Porto 2026,All,11283,Falcons,19230,m0nesy,39,29,1.34,10,1.28,88.8,73.3,1.87
2396949,2026-09-05,BLAST Open Porto 2026,All,11283,Falcons,24177,kyousuke,35,35,1.0,0,1.04,78.6,75.6,-2.41
2396950,2026-09-05,BLAST Open Porto 2026,All,4494,MOUZ,18072,torzsi,26,25,1.04,1,0.91,55.5,70.5,-0.71
2396950,2026-09-05,BLAST Open Porto 2026,All,4494,MOUZ,18221,spinx,40,28,1.43,12,1.61,97.0,77.3,7.67
2396950,2026-09-05,BLAST Open Porto 2026,All,4494,MOUZ,20312,xertion,32,34,0.94,-2,1.12,79.6,72.7,-0.03
2396950,2026-09-05,BLAST Open Porto 2026,All,4494,MOUZ,22279,pr,20,21,0.95,-1,0.93,48.7,77.3,-0.25
2396950,2026-09-05,BLAST Open Porto 2026,All,4494,MOUZ,24457,xelex,39,29,1.34,10,1.42,93.5,86.4,3.01
2396950,2026-09-05,BLAST Open Porto 2026,All,9565,Vitality,7322,apex,19,35,0.54,-16,0.68,56.4,61.4,-4.39
2396950,2026-09-05,BLAST Open Porto 2026,All,9565,Vitality,11816,ropz,33,29,1.14,4,1.13,81.5,75.0,-0.29
2396950,2026-09-05,BLAST Open Porto 2026,All,9565,Vitality,11893,zywoo,41,27,1.52,14,1.3,91.3,77.3,3.25
2396950,2026-09-05,BLAST Open Porto 2026,All,9565,Vitality,16693,flamez,23,35,0.66,-12,0.86,64.8,68.2,-2.4
2396950,2026-09-05,BLAST Open Porto 2026,All,9565,Vitality,19206,jl,17,33,0.52,-16,0.59,39.7,63.6,-5.87
